

-- ============================================================
-- PHẦN 1: LỆNH XÓA SỔ (XÓA TỪ CON LÊN CHA ĐỂ KHÔNG DÍNH KHÓA NGOẠI)
-- ============================================================
DELETE FROM AUDIT_HOSO_THILUC;
DELETE FROM LICH_SU_DIEM;
DELETE FROM LICH_SU_GIA;
DELETE FROM GIAO_DICH_NCC;
DELETE FROM NHOM_VAITRO;
DELETE FROM VAITRO;
DELETE FROM TAIKHOAN_NHOM;
DELETE FROM NHOM;
DELETE FROM token_blacklist;
DELETE FROM DANH_GIA;
DELETE FROM KH_KHUYEN_MAI;
DELETE FROM THANH_TOAN;
DELETE FROM CT_HOA_DON_DV;
DELETE FROM CT_HOA_DON;
DELETE FROM HOA_DON;
DELETE FROM XU_LY_KINH;
DELETE FROM CT_KE_DON;
DELETE FROM PHIEU_KE_DON;
DELETE FROM LICH_HEN_TRIEU_CHUNG;
DELETE FROM CHI_TIET_THI_LUC;
DELETE FROM HO_SO_THI_LUC;
DELETE FROM HANG_CHO;
DELETE FROM LICH_HEN;
DELETE FROM LICH_LAM_VIEC;
DELETE FROM CHI_TIET_KY_THUAT;
DELETE FROM LO_HANG;
DELETE FROM PHIEU_NHAP;
DELETE FROM CT_GOI_KHAM;
DELETE FROM GOI_KHAM;
DELETE FROM DICH_VU_KHAM;
DELETE FROM TRIEU_CHUNG;
DELETE FROM SAN_PHAM;
DELETE FROM LOAI_SAN_PHAM;
DELETE FROM NHA_CUNG_CAP;
DELETE FROM KHUYEN_MAI;
DELETE FROM NHAN_SU;
DELETE FROM KHACH_HANG;
DELETE FROM TAIKHOAN_NHOM;
DELETE FROM TAI_KHOAN;

-- ============================================================
-- PHẦN 2: BƠM DỮ LIỆU MỚI (SEED)
-- ============================================================

-- BƯỚC 0: CHỨC VỤ 
MERGE INTO CHUC_VU target USING (
    SELECT 'CV06' MACV, N'Bác sĩ' TENCV FROM DUAL UNION ALL
    SELECT 'CV07', N'Kỹ thuật viên mắt kính' FROM DUAL UNION ALL
    SELECT 'CV08', N'Thu ngân' FROM DUAL UNION ALL
    SELECT 'CV09', N'Thủ kho' FROM DUAL UNION ALL
    SELECT 'CV10', N'Quản lý' FROM DUAL UNION ALL
    SELECT 'CV11', N'Lễ tân' FROM DUAL
) source ON (target.MACV = source.MACV)
WHEN NOT MATCHED THEN INSERT (MACV, TENCV) VALUES (source.MACV, source.TENCV);

-- BƯỚC 0.5: NHÓM QUYỀN
INSERT INTO NHOM (MANHOM, TENNHOM) VALUES ('NH01', N'Nhóm Bác sĩ');
INSERT INTO NHOM (MANHOM, TENNHOM) VALUES ('NH02', N'Nhóm Thu ngân');
INSERT INTO NHOM (MANHOM, TENNHOM) VALUES ('NH03', N'Nhóm Thủ kho');
INSERT INTO NHOM (MANHOM, TENNHOM) VALUES ('NH04', N'Nhóm Quản lý');
INSERT INTO NHOM (MANHOM, TENNHOM) VALUES ('NH05', N'Nhóm Kỹ thuật viên');
INSERT INTO NHOM (MANHOM, TENNHOM) VALUES ('NH06', N'Nhóm Lễ tân');
INSERT INTO NHOM (MANHOM, TENNHOM) VALUES ('NH07', N'Nhóm Khách hàng');

-- BƯỚC 1: TÀI KHOẢN & PHÂN NHÓM
INSERT INTO TAI_KHOAN (MATK, USERNAME, PASSWORD, LOAI_TK, TRANGTHAI) VALUES ('TK005', 'thukho1',  '$2a$10$8.UnVuG9HHgffUDAlk8qfOuVGkqRzgVymGe07xd00DM99I1YvI8Y6', 'INTERNAL', 1);
INSERT INTO TAI_KHOAN (MATK, USERNAME, PASSWORD, LOAI_TK, TRANGTHAI) VALUES ('TK006', 'kythuat1', '$2a$10$8.UnVuG9HHgffUDAlk8qfOuVGkqRzgVymGe07xd00DM99I1YvI8Y6', 'INTERNAL', 1);
INSERT INTO TAI_KHOAN (MATK, USERNAME, PASSWORD, LOAI_TK, TRANGTHAI) VALUES ('TK008', 'bacsi2',   '$2a$10$8.UnVuG9HHgffUDAlk8qfOuVGkqRzgVymGe07xd00DM99I1YvI8Y6', 'INTERNAL', 1);
INSERT INTO TAI_KHOAN (MATK, USERNAME, PASSWORD, LOAI_TK, TRANGTHAI) VALUES ('TK009', 'kythuat2', '$2a$10$8.UnVuG9HHgffUDAlk8qfOuVGkqRzgVymGe07xd00DM99I1YvI8Y6', 'INTERNAL', 1);
INSERT INTO TAI_KHOAN (MATK, USERNAME, PASSWORD, LOAI_TK, TRANGTHAI) VALUES ('TK010', 'thukho2',  '$2a$10$8.UnVuG9HHgffUDAlk8qfOuVGkqRzgVymGe07xd00DM99I1YvI8Y6', 'INTERNAL', 1);
INSERT INTO TAI_KHOAN (MATK, USERNAME, PASSWORD, LOAI_TK, TRANGTHAI) VALUES ('TK011', 'kh002',    '$2a$10$8.UnVuG9HHgffUDAlk8qfOuVGkqRzgVymGe07xd00DM99I1YvI8Y6', 'EXTERNAL', 1);
INSERT INTO TAI_KHOAN (MATK, USERNAME, PASSWORD, LOAI_TK, TRANGTHAI) VALUES ('TK012', 'kh003',    '$2a$10$8.UnVuG9HHgffUDAlk8qfOuVGkqRzgVymGe07xd00DM99I1YvI8Y6', 'EXTERNAL', 1);
INSERT INTO TAI_KHOAN (MATK, USERNAME, PASSWORD, LOAI_TK, TRANGTHAI) VALUES ('TK013', 'kh004',    '$2a$10$8.UnVuG9HHgffUDAlk8qfOuVGkqRzgVymGe07xd00DM99I1YvI8Y6', 'EXTERNAL', 1);
INSERT INTO TAI_KHOAN (MATK, USERNAME, PASSWORD, LOAI_TK, TRANGTHAI) VALUES ('TK014', 'thungan2', '$2a$10$8.UnVuG9HHgffUDAlk8qfOuVGkqRzgVymGe07xd00DM99I1YvI8Y6', 'INTERNAL', 1);
INSERT INTO TAI_KHOAN (MATK, USERNAME, PASSWORD, LOAI_TK, TRANGTHAI) VALUES ('TK015', 'letan1', '$2a$10$8.UnVuG9HHgffUDAlk8qfOuVGkqRzgVymGe07xd00DM99I1YvI8Y6', 'INTERNAL', 1);

INSERT INTO TAIKHOAN_NHOM (MATK, MANHOM) VALUES ('TK005', 'NH03');
INSERT INTO TAIKHOAN_NHOM (MATK, MANHOM) VALUES ('TK006', 'NH05');
INSERT INTO TAIKHOAN_NHOM (MATK, MANHOM) VALUES ('TK008', 'NH01');
INSERT INTO TAIKHOAN_NHOM (MATK, MANHOM) VALUES ('TK009', 'NH05');
INSERT INTO TAIKHOAN_NHOM (MATK, MANHOM) VALUES ('TK010', 'NH03');
INSERT INTO TAIKHOAN_NHOM (MATK, MANHOM) VALUES ('TK011', 'NH07');
INSERT INTO TAIKHOAN_NHOM (MATK, MANHOM) VALUES ('TK012', 'NH07');
INSERT INTO TAIKHOAN_NHOM (MATK, MANHOM) VALUES ('TK013', 'NH07');
INSERT INTO TAIKHOAN_NHOM (MATK, MANHOM) VALUES ('TK014', 'NH02');
INSERT INTO TAIKHOAN_NHOM (MATK, MANHOM) VALUES ('TK015', 'NH06');

-- BƯỚC 2: NHÂN SỰ
-- Thêm thông tin cá nhân Lễ tân
INSERT INTO NHAN_SU (MANS, MATK, MACV, HOTEN, NGAYSINH, SDT, GIOITINH, IS_DELETED) VALUES ('NS011', 'TK015', 'CV11', N'Phạm Thị Lệ', DATE '1998-05-15', '0987654321', N'Nữ', 0);
INSERT INTO NHAN_SU (MANS, MATK, MACV, HOTEN, NGAYSINH, SDT, GIOITINH, CHUYENKHOA, IS_DELETED) VALUES ('NS005', 'TK008', 'CV06', N'Nguyễn Thị Hương', DATE '1988-03-15', '0912345678', N'Nữ', N'Nhãn khoa nhi', 0);
INSERT INTO NHAN_SU (MANS, MATK, MACV, HOTEN, NGAYSINH, SDT, GIOITINH, IS_DELETED) VALUES ('NS006', 'TK006', 'CV07', N'Đỗ Minh Quân', DATE '1995-07-20', '0923456789', N'Nam', 0);
INSERT INTO NHAN_SU (MANS, MATK, MACV, HOTEN, NGAYSINH, SDT, GIOITINH, IS_DELETED) VALUES ('NS007', 'TK009', 'CV07', N'Lê Thị Bảo Châu', DATE '1997-11-05', '0934567890', N'Nữ', 0);
INSERT INTO NHAN_SU (MANS, MATK, MACV, HOTEN, NGAYSINH, SDT, GIOITINH, IS_DELETED) VALUES ('NS008', 'TK005', 'CV09', N'Vũ Đức Mạnh', DATE '1990-04-10', '0945678901', N'Nam', 0);
INSERT INTO NHAN_SU (MANS, MATK, MACV, HOTEN, NGAYSINH, SDT, GIOITINH, IS_DELETED) VALUES ('NS009', 'TK010', 'CV09', N'Hoàng Thị Lan', DATE '1993-08-22', '0956789012', N'Nữ', 0);
INSERT INTO NHAN_SU (MANS, MATK, MACV, HOTEN, NGAYSINH, SDT, GIOITINH, IS_DELETED) VALUES ('NS010', 'TK014', 'CV08', N'Trần Quốc Bảo', DATE '1992-12-30', '0967890123', N'Nam', 0);

-- BƯỚC 3: KHÁCH HÀNG 
INSERT INTO KHACH_HANG (MAKH, HOTEN, NGAYSINH, SDT, GIOITINH, DIACHI, DIEMTICHLUY) VALUES ('KH001', N'Khách Hàng Số Một', DATE '1990-01-01', '0901001001', N'Nam', N'TP.HCM', 100);
INSERT INTO KHACH_HANG (MAKH, MATK, HOTEN, NGAYSINH, SDT, GIOITINH, DIACHI, DIEMTICHLUY) VALUES ('KH002', 'TK011', N'Nguyễn Văn An', DATE '1990-05-12', '0911111111', N'Nam', N'123 Nguyễn Trãi, Q.1, TP.HCM', 50);
INSERT INTO KHACH_HANG (MAKH, MATK, HOTEN, NGAYSINH, SDT, GIOITINH, DIACHI, DIEMTICHLUY) VALUES ('KH003', 'TK012', N'Trần Thị Bích', DATE '1995-09-20', '0922222222', N'Nữ', N'45 Lê Lợi, Q.3, TP.HCM', 0);
INSERT INTO KHACH_HANG (MAKH, MATK, HOTEN, NGAYSINH, SDT, GIOITINH, DIACHI, DIEMTICHLUY) VALUES ('KH004', 'TK013', N'Phạm Hoàng Long', DATE '1985-02-28', '0933333333', N'Nam', N'78 Hai Bà Trưng, Q.Bình Thạnh, TP.HCM', 200);
INSERT INTO KHACH_HANG (MAKH, HOTEN, NGAYSINH, SDT, GIOITINH, DIACHI, DIEMTICHLUY) VALUES ('KH005', N'Lê Ngọc Hân', DATE '2000-07-04', '0944444444', N'Nữ', N'99 CMT8, Q.10, TP.HCM', 0);
INSERT INTO KHACH_HANG (MAKH, HOTEN, NGAYSINH, SDT, GIOITINH, DIEMTICHLUY) VALUES ('KH006', N'Võ Thành Tâm', DATE '1978-11-15', '0955555555', N'Nam', 0);

-- BƯỚC 4: LỊCH LÀM VIỆC
-- Gán ca chiều (13h-20h) trong 10 ngày cho BS Hương (NS005)
INSERT INTO LICH_LAM_VIEC (MALLV, MANS, NGAY_LAM, GIO_BAT_DAU, GIO_KET_THUC, IS_NGHI) 
SELECT 'LV_S' || LPAD(LEVEL, 3, '0'), 'NS005', TRUNC(SYSDATE) + LEVEL - 4, 13.0, 20.0 
FROM DUAL CONNECT BY LEVEL <= 10;

-- Gán luôn ca sáng (8h-17h) 365 ngày cho BS Hương (NS005) để test muôn đời không xịt
INSERT INTO LICH_LAM_VIEC (MALLV, MANS, NGAY_LAM, GIO_BAT_DAU, GIO_KET_THUC, IS_NGHI) 
SELECT 'LV_A' || LPAD(LEVEL, 3, '0'), 'NS005', TRUNC(TO_DATE('2025-12-31', 'YYYY-MM-DD')) + LEVEL, 8.0, 17.0 
FROM DUAL CONNECT BY LEVEL <= 365;
-- BƯỚC 5 & 6: DỊCH VỤ & GÓI KHÁM
INSERT INTO DICH_VU_KHAM (MADV, TENDV, GIA, MOTA, IS_ACTIVE) VALUES ('DV01', N'Khám mắt tổng quát', 150000, N'Kiểm tra thị lực cơ bản', 1);
INSERT INTO DICH_VU_KHAM (MADV, TENDV, GIA, MOTA, IS_ACTIVE) VALUES ('DV02', N'Đo khúc xạ máy tự động', 80000, N'Đo cận loạn', 1);
INSERT INTO DICH_VU_KHAM (MADV, TENDV, GIA, MOTA, IS_ACTIVE) VALUES ('DV03', N'Kiểm tra nhãn áp', 50000, N'Đo nhãn áp', 1);
INSERT INTO DICH_VU_KHAM (MADV, TENDV, GIA, MOTA, IS_ACTIVE) VALUES ('DV04', N'Soi đáy mắt', 200000, N'Kiểm tra võng mạc', 1);
INSERT INTO DICH_VU_KHAM (MADV, TENDV, GIA, MOTA, IS_ACTIVE) VALUES ('DV05', N'Tư vấn kính áp tròng', 100000, N'Tư vấn', 1);
INSERT INTO DICH_VU_KHAM (MADV, TENDV, GIA, MOTA, IS_ACTIVE) VALUES ('DV06', N'Mài lắp kính mắt', 200000, N'Lắp gọng', 1);
INSERT INTO DICH_VU_KHAM (MADV, TENDV, GIA, MOTA, IS_ACTIVE) VALUES ('DV08', N'Khám mắt trẻ em', 180000, N'Khám nhi', 1);

INSERT INTO GOI_KHAM (MAGOI, TENGOI, MOTA, GIA, THOILUONG, IS_ACTIVE) VALUES ('GK01', N'Gói Khám Cơ Bản', N'Khám tổng quát', 200000, 30, 1);
INSERT INTO GOI_KHAM (MAGOI, TENGOI, MOTA, GIA, THOILUONG, IS_ACTIVE) VALUES ('GK02', N'Gói Khám Toàn Diện', N'Cơ bản + nhãn áp', 450000, 60, 1);
INSERT INTO GOI_KHAM (MAGOI, TENGOI, MOTA, GIA, THOILUONG, IS_ACTIVE) VALUES ('GK03', N'Gói Kính Áp Tròng', N'Khám + tư vấn', 280000, 45, 1);
INSERT INTO GOI_KHAM (MAGOI, TENGOI, MOTA, GIA, THOILUONG, IS_ACTIVE) VALUES ('GK04', N'Gói Trẻ Em', N'Trẻ em', 250000, 45, 1);

INSERT INTO CT_GOI_KHAM (MAGOI, MADV, SOLUONG) VALUES ('GK01', 'DV01', 1);
INSERT INTO CT_GOI_KHAM (MAGOI, MADV, SOLUONG) VALUES ('GK01', 'DV02', 1);
INSERT INTO CT_GOI_KHAM (MAGOI, MADV, SOLUONG) VALUES ('GK02', 'DV01', 1);
INSERT INTO CT_GOI_KHAM (MAGOI, MADV, SOLUONG) VALUES ('GK02', 'DV03', 1);

-- BƯỚC 7: TRIỆU CHỨNG
INSERT INTO TRIEU_CHUNG (MA_TC, TEN_TC, MO_TA, IS_ACTIVE) VALUES ('TC01', N'Mờ mắt', N'Nhìn không rõ', 1);
INSERT INTO TRIEU_CHUNG (MA_TC, TEN_TC, MO_TA, IS_ACTIVE) VALUES ('TC02', N'Nhức mắt', N'Đau nhức', 1);
INSERT INTO TRIEU_CHUNG (MA_TC, TEN_TC, MO_TA, IS_ACTIVE) VALUES ('TC08', N'Nhức đầu', N'Đau đầu', 1);

-- BƯỚC 8: NHÀ CUNG CẤP & SẢN PHẨM
INSERT INTO NHA_CUNG_CAP (MANCC, TENNCC, SDT, DIACHI) VALUES ('NCC01', N'Công ty TNHH Quang Học Việt', '02838123456', N'120 Trần Hưng Đạo, Q.1, TP.HCM');
INSERT INTO NHA_CUNG_CAP (MANCC, TENNCC, SDT, DIACHI) VALUES ('NCC02', N'Essilor Vietnam', '02839876543', N'15 Phan Xích Long, Q.Phú Nhuận, TP.HCM');

INSERT INTO LOAI_SAN_PHAM (MALOAI, TENLOAI) VALUES ('LSP01', N'Tròng kính đơn tụ');
INSERT INTO LOAI_SAN_PHAM (MALOAI, TENLOAI) VALUES ('LSP04', N'Gọng kính');
INSERT INTO LOAI_SAN_PHAM (MALOAI, TENLOAI) VALUES ('LSP06', N'Thuốc nhỏ mắt');

INSERT INTO SAN_PHAM (MASP, MALOAI, TENSP, DONVITINH, LATHUOC, GIABAN, TON_KHO_TOI_THIEU, DON_VI_TINH_KHO) VALUES ('SP001', 'LSP01', N'Tròng CR-39 đơn tụ chống UV', N'Cặp', 0, 350000, 20, N'Cặp');
INSERT INTO SAN_PHAM (MASP, MALOAI, TENSP, DONVITINH, LATHUOC, GIABAN, TON_KHO_TOI_THIEU, DON_VI_TINH_KHO) VALUES ('SP002', 'LSP01', N'Tròng Poly siêu mỏng', N'Cặp', 0, 650000, 15, N'Cặp');
INSERT INTO SAN_PHAM (MASP, MALOAI, TENSP, DONVITINH, LATHUOC, GIABAN, TON_KHO_TOI_THIEU, DON_VI_TINH_KHO) VALUES ('SP006', 'LSP04', N'Gọng kim loại titanium', N'Cái', 0, 850000, 20, N'Cái');
INSERT INTO SAN_PHAM (MASP, MALOAI, TENSP, DONVITINH, LATHUOC, GIABAN, TON_KHO_TOI_THIEU, DON_VI_TINH_KHO) VALUES ('SP009', 'LSP06', N'Thuốc nhỏ mắt Rohto', N'Lọ', 1, 45000, 100, N'Lọ');

-- BƯỚC 9: PHIẾU NHẬP & LÔ HÀNG 
INSERT INTO PHIEU_NHAP (MAPN, MANCC, MANS, NGAYNHAP) VALUES ('PN_S01', 'NCC01', 'NS008', SYSTIMESTAMP - 30);
INSERT INTO PHIEU_NHAP (MAPN, MANCC, MANS, NGAYNHAP) VALUES ('PN_S02', 'NCC02', 'NS008', SYSTIMESTAMP - 15);

INSERT INTO LO_HANG (MALO, MASP, MAPN, NGAYSANXUAT, NGAYHETHAN, SOLUONGNHAP, GIANHAP) VALUES ('LO_S01', 'SP001', 'PN_S01', DATE '2024-06-01', DATE '2027-06-01', 100, 220000);
INSERT INTO LO_HANG (MALO, MASP, MAPN, NGAYSANXUAT, NGAYHETHAN, SOLUONGNHAP, GIANHAP) VALUES ('LO_S02', 'SP006', 'PN_S01', DATE '2024-01-10', DATE '2028-01-10', 50, 560000);
INSERT INTO LO_HANG (MALO, MASP, MAPN, NGAYSANXUAT, NGAYHETHAN, SOLUONGNHAP, GIANHAP) VALUES ('LO_S03', 'SP002', 'PN_S02', DATE '2024-06-01', DATE '2027-06-01', 60, 420000);
INSERT INTO LO_HANG (MALO, MASP, MAPN, NGAYSANXUAT, NGAYHETHAN, SOLUONGNHAP, GIANHAP) VALUES ('LO_S04', 'SP009', 'PN_S02', DATE '2024-10-01', DATE '2026-10-01', 200, 28000);

-- BƯỚC 10: LỊCH HẸN (ĐÃ FIX CHUẨN ENUM TIẾNG ANH KHÔNG DẤU)
INSERT INTO LICH_HEN (MALH, MAKH, MANS, MAGOI, NGAYHEN, GIO_HEN, LOAI_LICH, TRANGTHAI) VALUES ('LH_S01', 'KH001', 'NS005', 'GK01', TRUNC(SYSDATE) - 2, TRUNC(SYSDATE) - 2 + INTERVAL '9' HOUR, 'ONLINE', 'HOAN_THANH');
INSERT INTO LICH_HEN (MALH, MAKH, MANS, MAGOI, NGAYHEN, GIO_HEN, LOAI_LICH, TRANGTHAI) VALUES ('LH_S02', 'KH002', 'NS005', 'GK02', TRUNC(SYSDATE) - 1, TRUNC(SYSDATE) - 1 + INTERVAL '10' HOUR, 'ONLINE', 'HOAN_THANH');
INSERT INTO LICH_HEN (MALH, MAKH, MANS, MAGOI, NGAYHEN, GIO_HEN, LOAI_LICH, TRANGTHAI) VALUES ('LH_S03', 'KH004', 'NS005', 'GK02', TRUNC(SYSDATE), TRUNC(SYSDATE) + INTERVAL '8' HOUR + INTERVAL '30' MINUTE, 'ONLINE', 'CHO_XAC_NHAN');
INSERT INTO LICH_HEN (MALH, MAKH, MANS, MAGOI, NGAYHEN, GIO_HEN, LOAI_LICH, TRANGTHAI) VALUES ('LH_S04', 'KH005', 'NS005', 'GK04', TRUNC(SYSDATE), TRUNC(SYSDATE) + INTERVAL '15' HOUR, 'TAI_CHO', 'CHO_XAC_NHAN');

-- BƯỚC 11: HÀNG CHỜ 
INSERT INTO HANG_CHO (MAHC, MAKH, TEN_KHACH, SO_THU_TU, LOAI_KHACH, MALH, MANS_PHAN_CONG, TRANG_THAI, GIO_DANG_KY) VALUES ('HC_S01', 'KH004', N'Phạm Hoàng Long', 1, 'ONLINE', 'LH_S03', 'NS005', N'Đang chờ', SYSTIMESTAMP - INTERVAL '20' MINUTE);
INSERT INTO HANG_CHO (MAHC, MAKH, TEN_KHACH, SO_THU_TU, LOAI_KHACH, MALH, MANS_PHAN_CONG, TRANG_THAI, GIO_DANG_KY) VALUES ('HC_S02', 'KH005', N'Lê Ngọc Hân', 2, 'ONLINE', 'LH_S04', 'NS005', N'Đang chờ', SYSTIMESTAMP - INTERVAL '10' MINUTE);

-- BƯỚC 12: HỒ SƠ THỊ LỰC & CHI TIẾT & TRIỆU CHỨNG 
INSERT INTO HO_SO_THI_LUC (MAHOSO, MAKH, MANS, NGAYKHAM, KETLUAN) VALUES ('HS_S01', 'KH001', 'NS005', SYSTIMESTAMP - INTERVAL '2' DAY, N'Cận thị hai mắt. Đeo kính.');
INSERT INTO HO_SO_THI_LUC (MAHOSO, MAKH, MANS, NGAYKHAM, KETLUAN) VALUES ('HS_S02', 'KH002', 'NS005', SYSTIMESTAMP - INTERVAL '1' DAY, N'Loạn thị mắt phải. Theo dõi.');
INSERT INTO HO_SO_THI_LUC (MAHOSO, MAKH, MANS, NGAYKHAM, KETLUAN) VALUES ('HS_S04', 'KH004', 'NS005', SYSTIMESTAMP - INTERVAL '5' DAY, N'Cận nặng. Cần nhỏ Rohto.');

INSERT INTO CHI_TIET_THI_LUC (MAHOSO, MAT, DOCAU_SPH, DOTRU_CYL, TRUC_AX, KHOANGCACH_PD) VALUES ('HS_S01', 'R', -2.50, -0.25, 180, 31.5);
INSERT INTO CHI_TIET_THI_LUC (MAHOSO, MAT, DOCAU_SPH, DOTRU_CYL, TRUC_AX, KHOANGCACH_PD) VALUES ('HS_S01', 'L', -3.00, 0.00, 0, 32.0);
INSERT INTO CHI_TIET_THI_LUC (MAHOSO, MAT, DOCAU_SPH, DOTRU_CYL, TRUC_AX, KHOANGCACH_PD) VALUES ('HS_S02', 'R', -0.50, -1.25, 90, 31.0);
INSERT INTO CHI_TIET_THI_LUC (MAHOSO, MAT, DOCAU_SPH, DOTRU_CYL, TRUC_AX, KHOANGCACH_PD) VALUES ('HS_S04', 'R', -5.00, -0.75, 175, 32.5);

INSERT INTO LICH_HEN_TRIEU_CHUNG (MALH, MA_TC, MO_TA_TU_DO) VALUES ('LH_S01', 'TC01', N'Nhìn mờ khi đọc sách');
INSERT INTO LICH_HEN_TRIEU_CHUNG (MALH, MA_TC, MO_TA_TU_DO) VALUES ('LH_S02', 'TC02', N'Nhức mắt kéo dài');

-- BƯỚC 13: PHIẾU KÊ ĐƠN & CHI TIẾT 
INSERT INTO PHIEU_KE_DON (MADON, MAHOSO, MANS, NGAYKEDON, LOIDAN) VALUES ('KD_S01', 'HS_S01', 'NS005', TRUNC(SYSDATE) - 2, N'Đeo thường xuyên');
INSERT INTO PHIEU_KE_DON (MADON, MAHOSO, MANS, NGAYKEDON, LOIDAN) VALUES ('KD_S04', 'HS_S04', 'NS005', TRUNC(SYSDATE) - 5, N'Nhỏ thuốc Rohto');

INSERT INTO CT_KE_DON (MADON, MASP, SOLUONG, LIEUDUNG, CACHDUNG) VALUES ('KD_S01', 'SP001', 1, N'1 cặp', N'Lắp vào gọng');
INSERT INTO CT_KE_DON (MADON, MASP, SOLUONG, LIEUDUNG, CACHDUNG) VALUES ('KD_S01', 'SP006', 1, N'1 gọng', N'Chọn vừa mặt');
INSERT INTO CT_KE_DON (MADON, MASP, SOLUONG, LIEUDUNG, CACHDUNG) VALUES ('KD_S04', 'SP002', 1, N'1 cặp siêu mỏng', N'Cận cao');
INSERT INTO CT_KE_DON (MADON, MASP, SOLUONG, LIEUDUNG, CACHDUNG) VALUES ('KD_S04', 'SP009', 2, N'2 lọ', N'Nhỏ 2 lần/ngày');

-- BƯỚC 14: XỬ LÝ KÍNH
INSERT INTO XU_LY_KINH (MAXL, MADON, THONG_SO_KINH, TRANG_THAI, NGAY_BAT_DAU, NGAY_HOAN_THANH, MANS_KY_THUAT, GHI_CHU)
VALUES ('XL_S01', 'KD_S01', '{"sph_r": -2.50, "cyl_r": -0.25, "ax_r": 180, "sph_l": -3.00, "pd": 63.5}', N'Hoàn thành', SYSTIMESTAMP - 2, SYSTIMESTAMP - 1, 'NS006', N'Đã mài xong');

-- BƯỚC 15: HÓA ĐƠN & THANH TOÁN 
INSERT INTO HOA_DON (MAHD, MAKH, MANS, MAHOSO, MADON, NGAYLAP, TRANGTHAI) VALUES ('HD_S01', 'KH001', 'NS010', 'HS_S01', 'KD_S01', SYSTIMESTAMP - 2, N'Chưa thanh toán');
INSERT INTO HOA_DON (MAHD, MAKH, MANS, MAHOSO, NGAYLAP, TRANGTHAI) VALUES ('HD_S02', 'KH002', 'NS010', 'HS_S02', SYSTIMESTAMP - 1, N'Chưa thanh toán');
INSERT INTO HOA_DON (MAHD, MAKH, MANS, MAHOSO, MADON, NGAYLAP, TRANGTHAI) VALUES ('HD_S04', 'KH004', 'NS010', 'HS_S04', 'KD_S04', SYSTIMESTAMP - 5, N'Chưa thanh toán');

-- Chèn DV
INSERT INTO CT_HOA_DON_DV (MAHD, MADV, SOLUONG, DONGIA) VALUES ('HD_S01', 'DV01', 1, 150000);
INSERT INTO CT_HOA_DON_DV (MAHD, MADV, SOLUONG, DONGIA) VALUES ('HD_S01', 'DV06', 1, 200000);
INSERT INTO CT_HOA_DON_DV (MAHD, MADV, SOLUONG, DONGIA) VALUES ('HD_S02', 'DV01', 1, 150000);

-- Chèn SP 
INSERT INTO CT_HOA_DON (MAHD, MALO, MASP, SOLUONG, DONGIA) VALUES ('HD_S01', 'LO_S01', 'SP001', 1, 350000);
INSERT INTO CT_HOA_DON (MAHD, MALO, MASP, SOLUONG, DONGIA) VALUES ('HD_S01', 'LO_S02', 'SP006', 1, 850000);

-- Thanh toán
INSERT INTO THANH_TOAN (MATT, MAHD, MANS, SOTIEN, PHUONGTHUC, TRANGTHAI) VALUES ('TT_S01', 'HD_S01', 'NS010', 1550000, N'Tiền mặt', N'Thành công');
INSERT INTO THANH_TOAN (MATT, MAHD, MANS, SOTIEN, PHUONGTHUC, TRANGTHAI) VALUES ('TT_S02', 'HD_S02', 'NS010', 150000, N'Chuyển khoản', N'Thành công');

-- BƯỚC 16: ĐÁNH GIÁ
INSERT INTO DANH_GIA (MADG, MAHOSO, MAKH, MANS, SO_SAO, NOI_DUNG) VALUES ('DG_S01', 'HS_S01', 'KH001', 'NS005', 5, N'Bác sĩ tận tâm!');
INSERT INTO DANH_GIA (MADG, MAHOSO, MAKH, MANS, SO_SAO, NOI_DUNG) VALUES ('DG_S02', 'HS_S02', 'KH002', 'NS005', 4, N'Khám sạch sẽ');

-- BƯỚC 17: KHUYẾN MÃI
INSERT INTO KHUYEN_MAI (MAKM, TENKM, LOAI, GIA_TRI, MA_CODE, NGAY_BD, NGAY_KT, IS_ACTIVE) VALUES ('KM001', N'Giảm 10%', N'PHAN_TRAM', 10, 'KHAI_TRUONG', DATE '2025-01-01', DATE '2027-12-31', 1);
INSERT INTO KH_KHUYEN_MAI (MAKH, MAKM, MAHD, NGAY_SD) VALUES ('KH001', 'KM001', 'HD_S01', SYSTIMESTAMP - 2);

-- BƯỚC 18: CHI TIẾT KỸ THUẬT NHÂN SỰ
INSERT INTO CHI_TIET_KY_THUAT (MANS, CHUYEN_NGANH, CHUNG_CHI_HANH_NGHE, NAM_CAP_CHUNG_CHI) VALUES ('NS006', N'Kỹ thuật', N'Chứng chỉ KTV', 2020);
INSERT INTO CHI_TIET_KY_THUAT (MANS, CHUYEN_NGANH, CHUNG_CHI_HANH_NGHE, NAM_CAP_CHUNG_CHI) VALUES ('NS005', N'Khúc xạ', N'Chứng chỉ Bác sĩ', 2015);

COMMIT;