-- =============================================================
-- SCRIPT TỔNG HỢP DỮ LIỆU MẪU (VISION CARE PROJECT)
-- Mật khẩu chung: Password123@
-- Hash BCrypt: $2a$10$8.UnVuG9HHgffUDAlk8qfOuVGkqRzgVymGe07xd00DM99I1YvI8Y6
-- =============================================================

-- 1. DỌN DẸP DỮ LIỆU CŨ (Tránh lỗi trùng khóa)
DELETE FROM NHOM_VAITRO;
DELETE FROM TAIKHOAN_NHOM;
DELETE FROM NHAN_SU;
DELETE FROM KHACH_HANG;
DELETE FROM TAI_KHOAN;
DELETE FROM VAITRO;
DELETE FROM NHOM;
DELETE FROM CHUC_VU;

-- 2. TẠO NHÓM (NHOM) - Sử dụng mã NHxx cho đồng bộ code Java
INSERT INTO NHOM (MANHOM, TENNHOM, MOTA) VALUES ('NH01', N'Bác sĩ', N'Khám bệnh, kê đơn');
INSERT INTO NHOM (MANHOM, TENNHOM, MOTA) VALUES ('NH02', N'Thu ngân', N'Lập hóa đơn, thu tiền');
INSERT INTO NHOM (MANHOM, TENNHOM, MOTA) VALUES ('NH03', N'Thủ kho', N'Nhập kho, quản lý tồn kho');
INSERT INTO NHOM (MANHOM, TENNHOM, MOTA) VALUES ('NH04', N'Quản lý', N'Quản lý toàn bộ hệ thống');
INSERT INTO NHOM (MANHOM, TENNHOM, MOTA) VALUES ('NH05', N'Kỹ thuật viên', N'Cắt kính, xử lý đơn kính');
INSERT INTO NHOM (MANHOM, TENNHOM, MOTA) VALUES ('NH06', N'Lễ tân', N'Đặt lịch, check-in, CSKH');
INSERT INTO NHOM (MANHOM, TENNHOM, MOTA) VALUES ('NH07', N'Khách hàng', N'Tự đặt lịch online');
INSERT INTO NHOM (MANHOM, TENNHOM, MOTA) VALUES ('NH08', N'Giám đốc', N'Xem báo cáo, thống kê doanh thu');

-- 3. TẠO VAI TRÒ/QUYỀN CHI TIẾT (VAITRO)
INSERT INTO VAITRO (MAVAITRO, TENVAITRO) VALUES ('VT_XEM_LICH', N'Xem lịch hẹn');
INSERT INTO VAITRO (MAVAITRO, TENVAITRO) VALUES ('VT_TAO_LICH', N'Tạo lịch hẹn');
INSERT INTO VAITRO (MAVAITRO, TENVAITRO) VALUES ('VT_CHECK_IN', N'Check-in khách hàng');
INSERT INTO VAITRO (MAVAITRO, TENVAITRO) VALUES ('VT_KHAM_BENH', N'Khám bệnh chuyên khoa');
INSERT INTO VAITRO (MAVAITRO, TENVAITRO) VALUES ('VT_KE_DON', N'Kê đơn thuốc/kính');
INSERT INTO VAITRO (MAVAITRO, TENVAITRO) VALUES ('VT_XU_LY_KINH', N'Mài lắp kính mắt');
INSERT INTO VAITRO (MAVAITRO, TENVAITRO) VALUES ('VT_THANH_TOAN', N'Thanh toán hóa đơn');
INSERT INTO VAITRO (MAVAITRO, TENVAITRO) VALUES ('VT_NHAP_KHO', N'Quản lý nhập kho');
INSERT INTO VAITRO (MAVAITRO, TENVAITRO) VALUES ('VT_XEM_BAO_CAO', N'Xem báo cáo doanh thu');
INSERT INTO VAITRO (MAVAITRO, TENVAITRO) VALUES ('VT_QUAN_LY_NS', N'Quản lý nhân sự');

-- 4. GÁN QUYỀN CHO NHÓM (NHOM_VAITRO)
-- Admin (NH04): Có tất cả quyền
INSERT INTO NHOM_VAITRO (MANHOM, MAVAITRO) SELECT 'NH04', MAVAITRO FROM VAITRO;
-- Bác sĩ (NH01)
INSERT INTO NHOM_VAITRO (MANHOM, MAVAITRO) VALUES ('NH01', 'VT_XEM_LICH');
INSERT INTO NHOM_VAITRO (MANHOM, MAVAITRO) VALUES ('NH01', 'VT_KHAM_BENH');
INSERT INTO NHOM_VAITRO (MANHOM, MAVAITRO) VALUES ('NH01', 'VT_KE_DON');
-- Lễ tân (NH06)
INSERT INTO NHOM_VAITRO (MANHOM, MAVAITRO) VALUES ('NH06', 'VT_XEM_LICH');
INSERT INTO NHOM_VAITRO (MANHOM, MAVAITRO) VALUES ('NH06', 'VT_TAO_LICH');
INSERT INTO NHOM_VAITRO (MANHOM, MAVAITRO) VALUES ('NH06', 'VT_CHECK_IN');
-- Thủ kho (NH03)
INSERT INTO NHOM_VAITRO (MANHOM, MAVAITRO) VALUES ('NH03', 'VT_NHAP_KHO');

-- 5. TẠO CHỨC VỤ (CHUC_VU)
INSERT INTO CHUC_VU (MACV, TENCV) VALUES ('CV01', N'Bác sĩ Trưởng');
INSERT INTO CHUC_VU (MACV, TENCV) VALUES ('CV02', N'Nhân viên Tiếp tân');
INSERT INTO CHUC_VU (MACV, TENCV) VALUES ('CV03', N'Kế toán thu ngân');
INSERT INTO CHUC_VU (MACV, TENCV) VALUES ('CV04', N'Quản lý chi nhánh');
INSERT INTO CHUC_VU (MACV, TENCV) VALUES ('CV05', N'Chuyên viên mài lắp');

-- 6. TẠO TÀI KHOẢN (TAI_KHOAN) - Dùng BCrypt hash
INSERT INTO TAI_KHOAN (MATK, USERNAME, PASSWORD, LOAI_TK, TRANGTHAI) 
VALUES ('TK001', 'admin', '$2a$10$8.UnVuG9HHgffUDAlk8qfOuVGkqRzgVymGe07xd00DM99I1YvI8Y6', 'INTERNAL', 1);
INSERT INTO TAI_KHOAN (MATK, USERNAME, PASSWORD, LOAI_TK, TRANGTHAI) 
VALUES ('TK002', 'bacsi', '$2a$10$8.UnVuG9HHgffUDAlk8qfOuVGkqRzgVymGe07xd00DM99I1YvI8Y6', 'INTERNAL', 1);
INSERT INTO TAI_KHOAN (MATK, USERNAME, PASSWORD, LOAI_TK, TRANGTHAI) 
VALUES ('TK003', 'letan', '$2a$10$8.UnVuG9HHgffUDAlk8qfOuVGkqRzgVymGe07xd00DM99I1YvI8Y6', 'INTERNAL', 1);
INSERT INTO TAI_KHOAN (MATK, USERNAME, PASSWORD, LOAI_TK, TRANGTHAI) 
VALUES ('TK004', 'thungan', '$2a$10$8.UnVuG9HHgffUDAlk8qfOuVGkqRzgVymGe07xd00DM99I1YvI8Y6', 'INTERNAL', 1);
INSERT INTO TAI_KHOAN (MATK, USERNAME, PASSWORD, LOAI_TK, TRANGTHAI) 
VALUES ('TK005', 'thukho', '$2a$10$8.UnVuG9HHgffUDAlk8qfOuVGkqRzgVymGe07xd00DM99I1YvI8Y6', 'INTERNAL', 1);
INSERT INTO TAI_KHOAN (MATK, USERNAME, PASSWORD, LOAI_TK, TRANGTHAI) 
VALUES ('TK006', 'kythuat', '$2a$10$8.UnVuG9HHgffUDAlk8qfOuVGkqRzgVymGe07xd00DM99I1YvI8Y6', 'INTERNAL', 1);
INSERT INTO TAI_KHOAN (MATK, USERNAME, PASSWORD, LOAI_TK, TRANGTHAI) 
VALUES ('TK007', 'khachhang', '$2a$10$8.UnVuG9HHgffUDAlk8qfOuVGkqRzgVymGe07xd00DM99I1YvI8Y6', 'EXTERNAL', 1);
-- Password123@ đã được hash bằng BCrypt với salt rounds = 10, đảm bảo an toàn cho mật khẩu trong cơ sở dữ liệu.
-- 7. GÁN NHÓM CHO TÀI KHOẢN (TAIKHOAN_NHOM)
INSERT INTO TAIKHOAN_NHOM (MATK, MANHOM) VALUES ('TK001', 'NH04');
INSERT INTO TAIKHOAN_NHOM (MATK, MANHOM) VALUES ('TK002', 'NH01');
INSERT INTO TAIKHOAN_NHOM (MATK, MANHOM) VALUES ('TK003', 'NH06');
INSERT INTO TAIKHOAN_NHOM (MATK, MANHOM) VALUES ('TK004', 'NH02');
INSERT INTO TAIKHOAN_NHOM (MATK, MANHOM) VALUES ('TK005', 'NH03');
INSERT INTO TAIKHOAN_NHOM (MATK, MANHOM) VALUES ('TK006', 'NH05');
INSERT INTO TAIKHOAN_NHOM (MATK, MANHOM) VALUES ('TK007', 'NH07');

-- 8. TẠO HỒ SƠ NHÂN SỰ (NHAN_SU)
INSERT INTO NHAN_SU (MANS, MATK, MACV, HOTEN, SDT, GIOITINH, IS_DELETED) 
VALUES ('NS001', 'TK001', 'CV04', N'Nguyễn Mai Kỳ', '0901234567', N'Nam', 0);
INSERT INTO NHAN_SU (MANS, MATK, MACV, HOTEN, SDT, GIOITINH, CHUYENKHOA, IS_DELETED) 
VALUES ('NS002', 'TK002', 'CV01', N'Lê Văn Luyện', '0902222222', N'Nam', N'Khúc xạ nhãn khoa', 0);
INSERT INTO NHAN_SU (MANS, MATK, MACV, HOTEN, SDT, GIOITINH, IS_DELETED) 
VALUES ('NS003', 'TK003', 'CV02', N'Trần Hải Anh', '0903333333', N'Nữ', 0);
INSERT INTO NHAN_SU (MANS, MATK, MACV, HOTEN, SDT, GIOITINH, IS_DELETED) 
VALUES ('NS004', 'TK004', 'CV03', N'Phạm Mỹ Linh', '0904444444', N'Nữ', 0);

-- 9. TẠO HỒ SƠ KHÁCH HÀNG (KHACH_HANG)
INSERT INTO KHACH_HANG (MAKH, MATK, HOTEN, SDT, GIOITINH, DIEMTICHLUY) 
VALUES ('KH001', 'TK007', N'Khách Hàng May Mắn', '0888888888', N'Nữ', 100);



COMMIT;