-- ===============================================================
<<<<<<< HEAD
-- FILE : V2_Seed_Data_Fixed_Final.sql
-- Tối ưu: Thêm tài khoản thiếu, dùng Explicit ID để tránh lỗi Subquery
-- ===============================================================

SET DEFINE OFF;

-- ============================================================
-- BƯỚC 0: BỔ SUNG CHỨC VỤ 
-- ============================================================
-- Dùng MERGE để tránh lỗi nếu đã có data
MERGE INTO CHUC_VU target USING (
    SELECT 'CV06' MACV, N'Bác sĩ' TENCV FROM DUAL UNION ALL
    SELECT 'CV07', N'Kỹ thuật viên mắt kính' FROM DUAL UNION ALL
    SELECT 'CV08', N'Thu ngân' FROM DUAL UNION ALL
    SELECT 'CV09', N'Thủ kho' FROM DUAL UNION ALL
    SELECT 'CV10', N'Quản lý' FROM DUAL UNION ALL
    SELECT 'CV11', N'Lễ tân' FROM DUAL
) source ON (target.MACV = source.MACV)
WHEN NOT MATCHED THEN INSERT (MACV, TENCV) VALUES (source.MACV, source.TENCV);

-- ============================================================
-- BƯỚC 1: TÀI KHOẢN BỔ SUNG (ĐÃ VÁ TK005 VÀ TK006)
-- ============================================================
INSERT INTO TAI_KHOAN (MATK, USERNAME, PASSWORD, LOAI_TK, TRANGTHAI) VALUES ('TK005', 'thukho1',  '$2a$10$8.UnVuG9HHgffUDAlk8qfOuVGkqRzgVymGe07xd00DM99I1YvI8Y6', 'INTERNAL', 1);
INSERT INTO TAI_KHOAN (MATK, USERNAME, PASSWORD, LOAI_TK, TRANGTHAI) VALUES ('TK006', 'kythuat1', '$2a$10$8.UnVuG9HHgffUDAlk8qfOuVGkqRzgVymGe07xd00DM99I1YvI8Y6', 'INTERNAL', 1);
INSERT INTO TAI_KHOAN (MATK, USERNAME, PASSWORD, LOAI_TK, TRANGTHAI) VALUES ('TK008', 'bacsi2',   '$2a$10$8.UnVuG9HHgffUDAlk8qfOuVGkqRzgVymGe07xd00DM99I1YvI8Y6', 'INTERNAL', 1);
INSERT INTO TAI_KHOAN (MATK, USERNAME, PASSWORD, LOAI_TK, TRANGTHAI) VALUES ('TK009', 'kythuat2', '$2a$10$8.UnVuG9HHgffUDAlk8qfOuVGkqRzgVymGe07xd00DM99I1YvI8Y6', 'INTERNAL', 1);
INSERT INTO TAI_KHOAN (MATK, USERNAME, PASSWORD, LOAI_TK, TRANGTHAI) VALUES ('TK010', 'thukho2',  '$2a$10$8.UnVuG9HHgffUDAlk8qfOuVGkqRzgVymGe07xd00DM99I1YvI8Y6', 'INTERNAL', 1);
INSERT INTO TAI_KHOAN (MATK, USERNAME, PASSWORD, LOAI_TK, TRANGTHAI) VALUES ('TK011', 'kh002',    '$2a$10$8.UnVuG9HHgffUDAlk8qfOuVGkqRzgVymGe07xd00DM99I1YvI8Y6', 'EXTERNAL', 1);
INSERT INTO TAI_KHOAN (MATK, USERNAME, PASSWORD, LOAI_TK, TRANGTHAI) VALUES ('TK012', 'kh003',    '$2a$10$8.UnVuG9HHgffUDAlk8qfOuVGkqRzgVymGe07xd00DM99I1YvI8Y6', 'EXTERNAL', 1);
INSERT INTO TAI_KHOAN (MATK, USERNAME, PASSWORD, LOAI_TK, TRANGTHAI) VALUES ('TK013', 'kh004',    '$2a$10$8.UnVuG9HHgffUDAlk8qfOuVGkqRzgVymGe07xd00DM99I1YvI8Y6', 'EXTERNAL', 1);
INSERT INTO TAI_KHOAN (MATK, USERNAME, PASSWORD, LOAI_TK, TRANGTHAI) VALUES ('TK014', 'thungan2', '$2a$10$8.UnVuG9HHgffUDAlk8qfOuVGkqRzgVymGe07xd00DM99I1YvI8Y6', 'INTERNAL', 1);

INSERT INTO TAIKHOAN_NHOM (MATK, MANHOM) VALUES ('TK005', 'NH03');
INSERT INTO TAIKHOAN_NHOM (MATK, MANHOM) VALUES ('TK006', 'NH05');
INSERT INTO TAIKHOAN_NHOM (MATK, MANHOM) VALUES ('TK008', 'NH01');
INSERT INTO TAIKHOAN_NHOM (MATK, MANHOM) VALUES ('TK009', 'NH05');
INSERT INTO TAIKHOAN_NHOM (MATK, MANHOM) VALUES ('TK010', 'NH03');
INSERT INTO TAIKHOAN_NHOM (MATK, MANHOM) VALUES ('TK011', 'NH07');
INSERT INTO TAIKHOAN_NHOM (MATK, MANHOM) VALUES ('TK012', 'NH07');
INSERT INTO TAIKHOAN_NHOM (MATK, MANHOM) VALUES ('TK013', 'NH07');
INSERT INTO TAIKHOAN_NHOM (MATK, MANHOM) VALUES ('TK014', 'NH02');

-- ============================================================
-- BƯỚC 2: NHÂN SỰ BỔ SUNG 
-- ============================================================
UPDATE NHAN_SU SET MACV = 'CV06' WHERE MANS = 'NS002';
UPDATE NHAN_SU SET MACV = 'CV11' WHERE MANS = 'NS003';
UPDATE NHAN_SU SET MACV = 'CV08' WHERE MANS = 'NS004';
UPDATE NHAN_SU SET MACV = 'CV10' WHERE MANS = 'NS001';

INSERT INTO NHAN_SU (MANS, MATK, MACV, HOTEN, NGAYSINH, SDT, GIOITINH, CHUYENKHOA, IS_DELETED) VALUES ('NS005', 'TK008', 'CV06', N'Nguyễn Thị Hương', DATE '1988-03-15', '0912345678', N'Nữ', N'Nhãn khoa nhi', 0);
INSERT INTO NHAN_SU (MANS, MATK, MACV, HOTEN, NGAYSINH, SDT, GIOITINH, IS_DELETED) VALUES ('NS006', 'TK006', 'CV07', N'Đỗ Minh Quân', DATE '1995-07-20', '0923456789', N'Nam', 0);
INSERT INTO NHAN_SU (MANS, MATK, MACV, HOTEN, NGAYSINH, SDT, GIOITINH, IS_DELETED) VALUES ('NS007', 'TK009', 'CV07', N'Lê Thị Bảo Châu', DATE '1997-11-05', '0934567890', N'Nữ', 0);
INSERT INTO NHAN_SU (MANS, MATK, MACV, HOTEN, NGAYSINH, SDT, GIOITINH, IS_DELETED) VALUES ('NS008', 'TK005', 'CV09', N'Vũ Đức Mạnh', DATE '1990-04-10', '0945678901', N'Nam', 0);
INSERT INTO NHAN_SU (MANS, MATK, MACV, HOTEN, NGAYSINH, SDT, GIOITINH, IS_DELETED) VALUES ('NS009', 'TK010', 'CV09', N'Hoàng Thị Lan', DATE '1993-08-22', '0956789012', N'Nữ', 0);
INSERT INTO NHAN_SU (MANS, MATK, MACV, HOTEN, NGAYSINH, SDT, GIOITINH, IS_DELETED) VALUES ('NS010', 'TK014', 'CV08', N'Trần Quốc Bảo', DATE '1992-12-30', '0967890123', N'Nam', 0);

-- ============================================================
-- BƯỚC 3,4,5,6,7,8,9: GIỮ NGUYÊN (Không có lỗi)
-- ============================================================
-- (Ông giáo giữ nguyên các đoạn Insert từ Khách Hàng đến Lô Hàng nhé, tớ chỉ sửa đoạn dưới)

-- ============================================================
-- BƯỚC 10: LỊCH HẸN (Dùng ID cứng LH_S01, LH_S02... để tái sử dụng)
-- ============================================================
INSERT INTO LICH_HEN (MALH, MAKH, MANS, MAGOI, NGAYHEN, GIO_HEN, LOAI_LICH, TRANGTHAI) VALUES ('LH_S01', 'KH001', 'NS002', 'GK01', TRUNC(SYSDATE) - 2, TRUNC(SYSDATE) - 2 + INTERVAL '9' HOUR, N'Online', N'Đã khám');
INSERT INTO LICH_HEN (MALH, MAKH, MANS, MAGOI, NGAYHEN, GIO_HEN, LOAI_LICH, TRANGTHAI) VALUES ('LH_S02', 'KH002', 'NS002', 'GK02', TRUNC(SYSDATE) - 1, TRUNC(SYSDATE) - 1 + INTERVAL '10' HOUR, N'Online', N'Đã khám');
INSERT INTO LICH_HEN (MALH, MAKH, MANS, MAGOI, NGAYHEN, GIO_HEN, LOAI_LICH, TRANGTHAI) VALUES ('LH_S03', 'KH004', 'NS002', 'GK02', TRUNC(SYSDATE), TRUNC(SYSDATE) + INTERVAL '8' HOUR + INTERVAL '30' MINUTE, N'Online', N'Đang chờ');
INSERT INTO LICH_HEN (MALH, MAKH, MANS, MAGOI, NGAYHEN, GIO_HEN, LOAI_LICH, TRANGTHAI) VALUES ('LH_S04', 'KH005', 'NS005', 'GK04', TRUNC(SYSDATE), TRUNC(SYSDATE) + INTERVAL '15' HOUR, N'Tại chỗ', N'Đang chờ');

-- ============================================================
-- BƯỚC 11: HÀNG CHỜ (Tái sử dụng ID lịch hẹn)
-- ============================================================
INSERT INTO HANG_CHO (MAHC, MAKH, TEN_KHACH, SO_THU_TU, LOAI_KHACH, MALH, MANS_PHAN_CONG, TRANG_THAI, GIO_DANG_KY)
VALUES (NULL, 'KH004', N'Phạm Hoàng Long', 1, N'Online', 'LH_S03', 'NS002', N'Đang chờ', SYSTIMESTAMP - INTERVAL '20' MINUTE);
INSERT INTO HANG_CHO (MAHC, MAKH, TEN_KHACH, SO_THU_TU, LOAI_KHACH, MALH, MANS_PHAN_CONG, TRANG_THAI, GIO_DANG_KY)
VALUES (NULL, 'KH005', N'Lê Ngọc Hân', 2, N'Online', 'LH_S04', 'NS005', N'Đang chờ', SYSTIMESTAMP - INTERVAL '10' MINUTE);

-- ============================================================
-- BƯỚC 12: HỒ SƠ THỊ LỰC & TRIỆU CHỨNG (Dùng ID cứng HS_S01...)
-- ============================================================
INSERT INTO HO_SO_THI_LUC (MAHOSO, MAKH, MANS, NGAYKHAM, KETLUAN) VALUES ('HS_S01', 'KH001', 'NS002', SYSTIMESTAMP - INTERVAL '2' DAY, N'Cận thị hai mắt. Khuyến nghị đeo kính.');
INSERT INTO HO_SO_THI_LUC (MAHOSO, MAKH, MANS, NGAYKHAM, KETLUAN) VALUES ('HS_S02', 'KH002', 'NS002', SYSTIMESTAMP - INTERVAL '1' DAY, N'Loạn thị mắt phải. Theo dõi định kỳ.');
INSERT INTO HO_SO_THI_LUC (MAHOSO, MAKH, MANS, NGAYKHAM, KETLUAN) VALUES ('HS_S04', 'KH004', 'NS002', SYSTIMESTAMP - INTERVAL '5' DAY, N'Cận thị nặng. Loạn thị nhẹ.');

INSERT INTO CHI_TIET_THI_LUC (MAHOSO, MAT, DOCAU_SPH, DOTRU_CYL, TRUC_AX, KHOANGCACH_PD) VALUES ('HS_S01', 'R', -2.50, -0.25, 180, 31.5);
INSERT INTO CHI_TIET_THI_LUC (MAHOSO, MAT, DOCAU_SPH, DOTRU_CYL, TRUC_AX, KHOANGCACH_PD) VALUES ('HS_S01', 'L', -3.00, 0.00, 0, 32.0);
INSERT INTO CHI_TIET_THI_LUC (MAHOSO, MAT, DOCAU_SPH, DOTRU_CYL, TRUC_AX, KHOANGCACH_PD) VALUES ('HS_S04', 'R', -5.00, -0.75, 175, 32.5);

INSERT INTO LICH_HEN_TRIEU_CHUNG (MALH, MA_TC, MO_TA_TU_DO) VALUES ('LH_S01', 'TC01', N'Nhìn mờ khi đọc sách từ khoảng cách gần');
INSERT INTO LICH_HEN_TRIEU_CHUNG (MALH, MA_TC, MO_TA_TU_DO) VALUES ('LH_S02', 'TC02', N'Nhức mắt kéo dài');

-- ============================================================
-- BƯỚC 13: PHIẾU KÊ ĐƠN & CHI TIẾT (Dùng ID cứng KD_S01...)
-- ============================================================
INSERT INTO PHIEU_KE_DON (MADON, MAHOSO, MANS, NGAYKEDON, LOIDAN) VALUES ('KD_S01', 'HS_S01', 'NS002', TRUNC(SYSDATE) - 2, N'Đeo kính thường xuyên');
INSERT INTO PHIEU_KE_DON (MADON, MAHOSO, MANS, NGAYKEDON, LOIDAN) VALUES ('KD_S04', 'HS_S04', 'NS002', TRUNC(SYSDATE) - 5, N'Nhỏ thuốc Rohto 2 lần/ngày');

INSERT INTO CT_KE_DON (MADON, MASP, SOLUONG, LIEUDUNG, CACHDUNG) VALUES ('KD_S01', 'SP001', 1, N'1 cặp tròng', N'Lắp vào gọng kính');
INSERT INTO CT_KE_DON (MADON, MASP, SOLUONG, LIEUDUNG, CACHDUNG) VALUES ('KD_S01', 'SP006', 1, N'1 gọng', N'Chọn gọng phù hợp khuôn mặt');
=======
-- FILE : V2_Seed_Data_Fixed.sql
-- BASE : Dữ liệu từ phiên bản cũ, điều chỉnh cho DDL mới
-- ===============================================================

-- ============================================================
-- BƯỚC 0: BỔ SUNG CHỨC VỤ (map đúng tên mà trigger dùng)
-- ============================================================
INSERT INTO CHUC_VU (MACV, TENCV) VALUES ('CV06', N'Bác sĩ');
INSERT INTO CHUC_VU (MACV, TENCV) VALUES ('CV07', N'Kỹ thuật viên mắt kính');
INSERT INTO CHUC_VU (MACV, TENCV) VALUES ('CV08', N'Thu ngân');
INSERT INTO CHUC_VU (MACV, TENCV) VALUES ('CV09', N'Thủ kho');
INSERT INTO CHUC_VU (MACV, TENCV) VALUES ('CV10', N'Quản lý');
INSERT INTO CHUC_VU (MACV, TENCV) VALUES ('CV11', N'Lễ tân');

-- ============================================================
-- BƯỚC 1: TÀI KHOẢN BỔ SUNG
-- ============================================================
INSERT INTO TAI_KHOAN (MATK, USERNAME, PASSWORD, LOAI_TK, TRANGTHAI)
VALUES ('TK008', 'bacsi2',   '$2a$10$8.UnVuG9HHgffUDAlk8qfOuVGkqRzgVymGe07xd00DM99I1YvI8Y6', 'INTERNAL', 1);
INSERT INTO TAI_KHOAN (MATK, USERNAME, PASSWORD, LOAI_TK, TRANGTHAI)
VALUES ('TK009', 'kythuat2', '$2a$10$8.UnVuG9HHgffUDAlk8qfOuVGkqRzgVymGe07xd00DM99I1YvI8Y6', 'INTERNAL', 1);
INSERT INTO TAI_KHOAN (MATK, USERNAME, PASSWORD, LOAI_TK, TRANGTHAI)
VALUES ('TK010', 'thukho2',  '$2a$10$8.UnVuG9HHgffUDAlk8qfOuVGkqRzgVymGe07xd00DM99I1YvI8Y6', 'INTERNAL', 1);
INSERT INTO TAI_KHOAN (MATK, USERNAME, PASSWORD, LOAI_TK, TRANGTHAI)
VALUES ('TK011', 'kh002',    '$2a$10$8.UnVuG9HHgffUDAlk8qfOuVGkqRzgVymGe07xd00DM99I1YvI8Y6', 'EXTERNAL', 1);
INSERT INTO TAI_KHOAN (MATK, USERNAME, PASSWORD, LOAI_TK, TRANGTHAI)
VALUES ('TK012', 'kh003',    '$2a$10$8.UnVuG9HHgffUDAlk8qfOuVGkqRzgVymGe07xd00DM99I1YvI8Y6', 'EXTERNAL', 1);
INSERT INTO TAI_KHOAN (MATK, USERNAME, PASSWORD, LOAI_TK, TRANGTHAI)
VALUES ('TK013', 'kh004',    '$2a$10$8.UnVuG9HHgffUDAlk8qfOuVGkqRzgVymGe07xd00DM99I1YvI8Y6', 'EXTERNAL', 1);
INSERT INTO TAI_KHOAN (MATK, USERNAME, PASSWORD, LOAI_TK, TRANGTHAI)
VALUES ('TK014', 'thungan2', '$2a$10$8.UnVuG9HHgffUDAlk8qfOuVGkqRzgVymGe07xd00DM99I1YvI8Y6', 'INTERNAL', 1);

-- ============================================================
-- BƯỚC 2: NHÂN SỰ BỔ SUNG (cập nhật chức vụ đúng và thêm mới)
-- ============================================================
-- Cập nhật chức vụ cho nhân sự cũ (nếu đã tồn tại)
UPDATE NHAN_SU SET MACV = 'CV06' WHERE MANS = 'NS002';
UPDATE NHAN_SU SET MACV = 'CV11' WHERE MANS = 'NS003';
UPDATE NHAN_SU SET MACV = 'CV08' WHERE MANS = 'NS004';
UPDATE NHAN_SU SET MACV = 'CV10' WHERE MANS = 'NS001';

-- Bác sĩ thứ 2
INSERT INTO NHAN_SU (MANS, MATK, MACV, HOTEN, NGAYSINH, SDT, GIOITINH, CHUYENKHOA, IS_DELETED)
VALUES ('NS005', 'TK008', 'CV06', N'Nguyễn Thị Hương', DATE '1988-03-15', '0912345678', N'Nữ', N'Nhãn khoa nhi', 0);

-- Kỹ thuật viên mắt kính
INSERT INTO NHAN_SU (MANS, MATK, MACV, HOTEN, NGAYSINH, SDT, GIOITINH, IS_DELETED)
VALUES ('NS006', 'TK006', 'CV07', N'Đỗ Minh Quân', DATE '1995-07-20', '0923456789', N'Nam', 0);
INSERT INTO NHAN_SU (MANS, MATK, MACV, HOTEN, NGAYSINH, SDT, GIOITINH, IS_DELETED)
VALUES ('NS007', 'TK009', 'CV07', N'Lê Thị Bảo Châu', DATE '1997-11-05', '0934567890', N'Nữ', 0);

-- Thủ kho
INSERT INTO NHAN_SU (MANS, MATK, MACV, HOTEN, NGAYSINH, SDT, GIOITINH, IS_DELETED)
VALUES ('NS008', 'TK005', 'CV09', N'Vũ Đức Mạnh', DATE '1990-04-10', '0945678901', N'Nam', 0);
INSERT INTO NHAN_SU (MANS, MATK, MACV, HOTEN, NGAYSINH, SDT, GIOITINH, IS_DELETED)
VALUES ('NS009', 'TK010', 'CV09', N'Hoàng Thị Lan', DATE '1993-08-22', '0956789012', N'Nữ', 0);

-- Thu ngân thứ 2
INSERT INTO NHAN_SU (MANS, MATK, MACV, HOTEN, NGAYSINH, SDT, GIOITINH, IS_DELETED)
VALUES ('NS010', 'TK014', 'CV08', N'Trần Quốc Bảo', DATE '1992-12-30', '0967890123', N'Nam', 0);

-- TAIKHOAN_NHOM bổ sung
INSERT INTO TAIKHOAN_NHOM (MATK, MANHOM) VALUES ('TK008', 'NH01');
INSERT INTO TAIKHOAN_NHOM (MATK, MANHOM) VALUES ('TK009', 'NH05');
INSERT INTO TAIKHOAN_NHOM (MATK, MANHOM) VALUES ('TK010', 'NH03');
INSERT INTO TAIKHOAN_NHOM (MATK, MANHOM) VALUES ('TK011', 'NH07');
INSERT INTO TAIKHOAN_NHOM (MATK, MANHOM) VALUES ('TK012', 'NH07');
INSERT INTO TAIKHOAN_NHOM (MATK, MANHOM) VALUES ('TK013', 'NH07');
INSERT INTO TAIKHOAN_NHOM (MATK, MANHOM) VALUES ('TK014', 'NH02');

-- ============================================================
-- BƯỚC 3: KHÁCH HÀNG BỔ SUNG
-- ============================================================
INSERT INTO KHACH_HANG (MAKH, MATK, HOTEN, NGAYSINH, SDT, GIOITINH, DIACHI, DIEMTICHLUY)
VALUES ('KH002', 'TK011', N'Nguyễn Văn An', DATE '1990-05-12', '0911111111', N'Nam', N'123 Nguyễn Trãi, Q.1, TP.HCM', 50);
INSERT INTO KHACH_HANG (MAKH, MATK, HOTEN, NGAYSINH, SDT, GIOITINH, DIACHI, DIEMTICHLUY)
VALUES ('KH003', 'TK012', N'Trần Thị Bích', DATE '1995-09-20', '0922222222', N'Nữ', N'45 Lê Lợi, Q.3, TP.HCM', 0);
INSERT INTO KHACH_HANG (MAKH, MATK, HOTEN, NGAYSINH, SDT, GIOITINH, DIACHI, DIEMTICHLUY)
VALUES ('KH004', 'TK013', N'Phạm Hoàng Long', DATE '1985-02-28', '0933333333', N'Nam', N'78 Hai Bà Trưng, Q.Bình Thạnh, TP.HCM', 200);
INSERT INTO KHACH_HANG (MAKH, HOTEN, NGAYSINH, SDT, GIOITINH, DIACHI, DIEMTICHLUY)
VALUES ('KH005', N'Lê Ngọc Hân', DATE '2000-07-04', '0944444444', N'Nữ', N'99 CMT8, Q.10, TP.HCM', 0);
INSERT INTO KHACH_HANG (MAKH, HOTEN, NGAYSINH, SDT, GIOITINH, DIEMTICHLUY)
VALUES ('KH006', N'Võ Thành Tâm', DATE '1978-11-15', '0955555555', N'Nam', 0);

-- ============================================================
-- BƯỚC 4: LỊCH LÀM VIỆC (7 ngày quanh hôm nay cho 2 bác sĩ)
-- ============================================================
INSERT INTO LICH_LAM_VIEC (MALLV, MANS, NGAY_LAM, GIO_BAT_DAU, GIO_KET_THUC, IS_NGHI)
VALUES (NULL, 'NS002', TRUNC(SYSDATE) - 3, 8.0, 17.0, 0);
INSERT INTO LICH_LAM_VIEC (MALLV, MANS, NGAY_LAM, GIO_BAT_DAU, GIO_KET_THUC, IS_NGHI)
VALUES (NULL, 'NS002', TRUNC(SYSDATE) - 2, 8.0, 17.0, 0);
INSERT INTO LICH_LAM_VIEC (MALLV, MANS, NGAY_LAM, GIO_BAT_DAU, GIO_KET_THUC, IS_NGHI)
VALUES (NULL, 'NS002', TRUNC(SYSDATE) - 1, 8.0, 17.0, 0);
INSERT INTO LICH_LAM_VIEC (MALLV, MANS, NGAY_LAM, GIO_BAT_DAU, GIO_KET_THUC, IS_NGHI)
VALUES (NULL, 'NS002', TRUNC(SYSDATE),     8.0, 17.0, 0);
INSERT INTO LICH_LAM_VIEC (MALLV, MANS, NGAY_LAM, GIO_BAT_DAU, GIO_KET_THUC, IS_NGHI)
VALUES (NULL, 'NS002', TRUNC(SYSDATE) + 1, 8.0, 17.0, 0);
INSERT INTO LICH_LAM_VIEC (MALLV, MANS, NGAY_LAM, GIO_BAT_DAU, GIO_KET_THUC, IS_NGHI)
VALUES (NULL, 'NS002', TRUNC(SYSDATE) + 2, 8.0, 17.0, 0);
INSERT INTO LICH_LAM_VIEC (MALLV, MANS, NGAY_LAM, GIO_BAT_DAU, GIO_KET_THUC, IS_NGHI)
VALUES (NULL, 'NS002', TRUNC(SYSDATE) + 3, 8.0, 17.0, 0);

INSERT INTO LICH_LAM_VIEC (MALLV, MANS, NGAY_LAM, GIO_BAT_DAU, GIO_KET_THUC, IS_NGHI)
VALUES (NULL, 'NS005', TRUNC(SYSDATE) - 3, 13.0, 20.0, 0);
INSERT INTO LICH_LAM_VIEC (MALLV, MANS, NGAY_LAM, GIO_BAT_DAU, GIO_KET_THUC, IS_NGHI)
VALUES (NULL, 'NS005', TRUNC(SYSDATE) - 2, 13.0, 20.0, 0);
INSERT INTO LICH_LAM_VIEC (MALLV, MANS, NGAY_LAM, GIO_BAT_DAU, GIO_KET_THUC, IS_NGHI)
VALUES (NULL, 'NS005', TRUNC(SYSDATE) - 1, 13.0, 20.0, 0);
INSERT INTO LICH_LAM_VIEC (MALLV, MANS, NGAY_LAM, GIO_BAT_DAU, GIO_KET_THUC, IS_NGHI)
VALUES (NULL, 'NS005', TRUNC(SYSDATE),     13.0, 20.0, 0);
INSERT INTO LICH_LAM_VIEC (MALLV, MANS, NGAY_LAM, GIO_BAT_DAU, GIO_KET_THUC, IS_NGHI)
VALUES (NULL, 'NS005', TRUNC(SYSDATE) + 1, 13.0, 20.0, 0);
INSERT INTO LICH_LAM_VIEC (MALLV, MANS, NGAY_LAM, GIO_BAT_DAU, GIO_KET_THUC, IS_NGHI)
VALUES (NULL, 'NS005', TRUNC(SYSDATE) + 2, 13.0, 20.0, 0);
INSERT INTO LICH_LAM_VIEC (MALLV, MANS, NGAY_LAM, GIO_BAT_DAU, GIO_KET_THUC, IS_NGHI)
VALUES (NULL, 'NS005', TRUNC(SYSDATE) + 3, 13.0, 20.0, 0);

-- ============================================================
-- BƯỚC 5: DỊCH VỤ KHÁM
-- ============================================================
INSERT INTO DICH_VU_KHAM (MADV, TENDV, GIA, MOTA, IS_ACTIVE)
VALUES ('DV01', N'Khám mắt tổng quát',       150000,  N'Kiểm tra thị lực, nhãn áp cơ bản', 1);
INSERT INTO DICH_VU_KHAM (MADV, TENDV, GIA, MOTA, IS_ACTIVE)
VALUES ('DV02', N'Đo khúc xạ máy tự động',   80000,   N'Đo cận loạn bằng máy autorefractor', 1);
INSERT INTO DICH_VU_KHAM (MADV, TENDV, GIA, MOTA, IS_ACTIVE)
VALUES ('DV03', N'Kiểm tra nhãn áp',          50000,   N'Đo nhãn áp Non-contact tonometry', 1);
INSERT INTO DICH_VU_KHAM (MADV, TENDV, GIA, MOTA, IS_ACTIVE)
VALUES ('DV04', N'Soi đáy mắt',               200000,  N'Kiểm tra võng mạc, gai thị', 1);
INSERT INTO DICH_VU_KHAM (MADV, TENDV, GIA, MOTA, IS_ACTIVE)
VALUES ('DV05', N'Tư vấn kính áp tròng',      100000,  N'Đánh giá phù hợp và hướng dẫn sử dụng', 1);
INSERT INTO DICH_VU_KHAM (MADV, TENDV, GIA, MOTA, IS_ACTIVE)
VALUES ('DV06', N'Mài lắp kính mắt',          200000,  N'Mài kính theo đơn và lắp gọng', 1);
INSERT INTO DICH_VU_KHAM (MADV, TENDV, GIA, MOTA, IS_ACTIVE)
VALUES ('DV07', N'Điều chỉnh gọng kính',      30000,   N'Chỉnh sửa gọng cho vừa mặt', 1);
INSERT INTO DICH_VU_KHAM (MADV, TENDV, GIA, MOTA, IS_ACTIVE)
VALUES ('DV08', N'Khám mắt trẻ em',           180000,  N'Khám chuyên biệt cho trẻ dưới 15 tuổi', 1);

-- ============================================================
-- BƯỚC 6: GÓI KHÁM
-- ============================================================
INSERT INTO GOI_KHAM (MAGOI, TENGOI, MOTA, GIA, THOILUONG, IS_ACTIVE)
VALUES ('GK01', N'Gói Khám Cơ Bản', N'Khám tổng quát + đo khúc xạ', 200000, 30, 1);
INSERT INTO GOI_KHAM (MAGOI, TENGOI, MOTA, GIA, THOILUONG, IS_ACTIVE)
VALUES ('GK02', N'Gói Khám Toàn Diện', N'Cơ bản + nhãn áp + soi đáy mắt', 450000, 60, 1);
INSERT INTO GOI_KHAM (MAGOI, TENGOI, MOTA, GIA, THOILUONG, IS_ACTIVE)
VALUES ('GK03', N'Gói Kính Áp Tròng', N'Khám + tư vấn kính áp tròng', 280000, 45, 1);
INSERT INTO GOI_KHAM (MAGOI, TENGOI, MOTA, GIA, THOILUONG, IS_ACTIVE)
VALUES ('GK04', N'Gói Trẻ Em', N'Khám chuyên biệt trẻ em + đo khúc xạ', 250000, 45, 1);

-- CT GÓI KHÁM
INSERT INTO CT_GOI_KHAM (MAGOI, MADV, SOLUONG) VALUES ('GK01', 'DV01', 1);
INSERT INTO CT_GOI_KHAM (MAGOI, MADV, SOLUONG) VALUES ('GK01', 'DV02', 1);
INSERT INTO CT_GOI_KHAM (MAGOI, MADV, SOLUONG) VALUES ('GK02', 'DV01', 1);
INSERT INTO CT_GOI_KHAM (MAGOI, MADV, SOLUONG) VALUES ('GK02', 'DV02', 1);
INSERT INTO CT_GOI_KHAM (MAGOI, MADV, SOLUONG) VALUES ('GK02', 'DV03', 1);
INSERT INTO CT_GOI_KHAM (MAGOI, MADV, SOLUONG) VALUES ('GK02', 'DV04', 1);
INSERT INTO CT_GOI_KHAM (MAGOI, MADV, SOLUONG) VALUES ('GK03', 'DV01', 1);
INSERT INTO CT_GOI_KHAM (MAGOI, MADV, SOLUONG) VALUES ('GK03', 'DV05', 1);
INSERT INTO CT_GOI_KHAM (MAGOI, MADV, SOLUONG) VALUES ('GK04', 'DV08', 1);
INSERT INTO CT_GOI_KHAM (MAGOI, MADV, SOLUONG) VALUES ('GK04', 'DV02', 1);

-- ============================================================
-- BƯỚC 7: TRIỆU CHỨNG
-- ============================================================
INSERT INTO TRIEU_CHUNG (MA_TC, TEN_TC, MO_TA, IS_ACTIVE)
VALUES ('TC01', N'Mờ mắt', N'Nhìn không rõ ở xa hoặc gần', 1);
INSERT INTO TRIEU_CHUNG (MA_TC, TEN_TC, MO_TA, IS_ACTIVE)
VALUES ('TC02', N'Nhức mắt', N'Cảm giác đau, nhức trong hoặc xung quanh mắt', 1);
INSERT INTO TRIEU_CHUNG (MA_TC, TEN_TC, MO_TA, IS_ACTIVE)
VALUES ('TC03', N'Đỏ mắt', N'Mắt bị sung đỏ, kích ứng', 1);
INSERT INTO TRIEU_CHUNG (MA_TC, TEN_TC, MO_TA, IS_ACTIVE)
VALUES ('TC04', N'Chói sáng', N'Nhạy cảm với ánh sáng, lóa mắt', 1);
INSERT INTO TRIEU_CHUNG (MA_TC, TEN_TC, MO_TA, IS_ACTIVE)
VALUES ('TC05', N'Nhìn đôi', N'Một vật nhìn thành hai', 1);
INSERT INTO TRIEU_CHUNG (MA_TC, TEN_TC, MO_TA, IS_ACTIVE)
VALUES ('TC06', N'Chảy nước mắt', N'Chảy nước mắt không kiểm soát', 1);
INSERT INTO TRIEU_CHUNG (MA_TC, TEN_TC, MO_TA, IS_ACTIVE)
VALUES ('TC07', N'Khô mắt', N'Mắt khô, cộm như có dị vật', 1);
INSERT INTO TRIEU_CHUNG (MA_TC, TEN_TC, MO_TA, IS_ACTIVE)
VALUES ('TC08', N'Nhức đầu', N'Đau đầu liên quan đến mắt/thị lực yếu', 1);

-- ============================================================
-- BƯỚC 8: NHÀ CUNG CẤP & SẢN PHẨM
-- ============================================================
INSERT INTO NHA_CUNG_CAP (MANCC, TENNCC, SDT, DIACHI)
VALUES ('NCC01', N'Công ty TNHH Quang Học Việt', '02838123456', N'120 Trần Hưng Đạo, Q.1, TP.HCM');
INSERT INTO NHA_CUNG_CAP (MANCC, TENNCC, SDT, DIACHI)
VALUES ('NCC02', N'Essilor Vietnam', '02839876543', N'15 Phan Xích Long, Q.Phú Nhuận, TP.HCM');
INSERT INTO NHA_CUNG_CAP (MANCC, TENNCC, SDT, DIACHI)
VALUES ('NCC03', N'Hoya Lens Vietnam', '02835554321', N'88 Nguyễn Đình Chiểu, Q.3, TP.HCM');
INSERT INTO NHA_CUNG_CAP (MANCC, TENNCC, SDT, DIACHI)
VALUES ('NCC04', N'Bausch & Lomb VN', '02836667890', N'250 Điện Biên Phủ, Q.Bình Thạnh, TP.HCM');

INSERT INTO LOAI_SAN_PHAM (MALOAI, TENLOAI) VALUES ('LSP01', N'Tròng kính đơn tụ');
INSERT INTO LOAI_SAN_PHAM (MALOAI, TENLOAI) VALUES ('LSP02', N'Tròng kính đa tụ');
INSERT INTO LOAI_SAN_PHAM (MALOAI, TENLOAI) VALUES ('LSP03', N'Kính áp tròng');
INSERT INTO LOAI_SAN_PHAM (MALOAI, TENLOAI) VALUES ('LSP04', N'Gọng kính');
INSERT INTO LOAI_SAN_PHAM (MALOAI, TENLOAI) VALUES ('LSP05', N'Dung dịch vệ sinh kính');
INSERT INTO LOAI_SAN_PHAM (MALOAI, TENLOAI) VALUES ('LSP06', N'Thuốc nhỏ mắt');

INSERT INTO SAN_PHAM (MASP, MALOAI, TENSP, DONVITINH, LATHUOC, GIABAN, TON_KHO_TOI_THIEU, DON_VI_TINH_KHO)
VALUES ('SP001', 'LSP01', N'Tròng CR-39 đơn tụ chống UV', N'Cặp', 0, 350000, 20, N'Cặp');
INSERT INTO SAN_PHAM (MASP, MALOAI, TENSP, DONVITINH, LATHUOC, GIABAN, TON_KHO_TOI_THIEU, DON_VI_TINH_KHO)
VALUES ('SP002', 'LSP01', N'Tròng Polycarbonate siêu mỏng 1.6', N'Cặp', 0, 650000, 15, N'Cặp');
INSERT INTO SAN_PHAM (MASP, MALOAI, TENSP, DONVITINH, LATHUOC, GIABAN, TON_KHO_TOI_THIEU, DON_VI_TINH_KHO)
VALUES ('SP003', 'LSP02', N'Tròng đa tụ Essilor Varilux', N'Cặp', 0, 2500000, 10, N'Cặp');
INSERT INTO SAN_PHAM (MASP, MALOAI, TENSP, DONVITINH, LATHUOC, GIABAN, TON_KHO_TOI_THIEU, DON_VI_TINH_KHO)
VALUES ('SP004', 'LSP03', N'Kính áp tròng ACUVUE Oasys 1-Day', N'Hộp', 0, 450000, 30, N'Hộp');
INSERT INTO SAN_PHAM (MASP, MALOAI, TENSP, DONVITINH, LATHUOC, GIABAN, TON_KHO_TOI_THIEU, DON_VI_TINH_KHO)
VALUES ('SP005', 'LSP03', N'Kính áp tròng Bausch Biotrue Monthly', N'Hộp', 0, 280000, 30, N'Hộp');
INSERT INTO SAN_PHAM (MASP, MALOAI, TENSP, DONVITINH, LATHUOC, GIABAN, TON_KHO_TOI_THIEU, DON_VI_TINH_KHO)
VALUES ('SP006', 'LSP04', N'Gọng kim loại titanium siêu nhẹ', N'Cái', 0, 850000, 20, N'Cái');
INSERT INTO SAN_PHAM (MASP, MALOAI, TENSP, DONVITINH, LATHUOC, GIABAN, TON_KHO_TOI_THIEU, DON_VI_TINH_KHO)
VALUES ('SP007', 'LSP04', N'Gọng nhựa TR90 Sport', N'Cái', 0, 450000, 25, N'Cái');
INSERT INTO SAN_PHAM (MASP, MALOAI, TENSP, DONVITINH, LATHUOC, GIABAN, TON_KHO_TOI_THIEU, DON_VI_TINH_KHO)
VALUES ('SP008', 'LSP05', N'Dung dịch ngâm kính Renu MultiPlus 360ml', N'Chai', 0, 120000, 50, N'Chai');
INSERT INTO SAN_PHAM (MASP, MALOAI, TENSP, DONVITINH, LATHUOC, GIABAN, TON_KHO_TOI_THIEU, DON_VI_TINH_KHO)
VALUES ('SP009', 'LSP06', N'Thuốc nhỏ mắt Rohto Vita 13ml', N'Lọ', 1, 45000, 100, N'Lọ');
INSERT INTO SAN_PHAM (MASP, MALOAI, TENSP, DONVITINH, LATHUOC, GIABAN, TON_KHO_TOI_THIEU, DON_VI_TINH_KHO)
VALUES ('SP010', 'LSP06', N'Nước mắt nhân tạo Systane Ultra 10ml', N'Lọ', 1, 85000, 80, N'Lọ');

-- ============================================================
-- BƯỚC 9: PHIẾU NHẬP & LÔ HÀNG
-- ============================================================
INSERT INTO PHIEU_NHAP (MAPN, MANCC, MANS, NGAYNHAP)
VALUES (NULL, 'NCC01', 'NS008', SYSTIMESTAMP - INTERVAL '30' DAY);
INSERT INTO PHIEU_NHAP (MAPN, MANCC, MANS, NGAYNHAP)
VALUES (NULL, 'NCC02', 'NS008', SYSTIMESTAMP - INTERVAL '15' DAY);
INSERT INTO PHIEU_NHAP (MAPN, MANCC, MANS, NGAYNHAP)
VALUES (NULL, 'NCC04', 'NS009', SYSTIMESTAMP - INTERVAL '7'  DAY);

INSERT INTO LO_HANG (MALO, MASP, MAPN, NGAYSANXUAT, NGAYHETHAN, SOLUONGNHAP, SOLUONGTON, GIANHAP)
SELECT NULL, 'SP001', MAPN, DATE '2024-06-01', DATE '2027-06-01', 100, 100, 220000
FROM PHIEU_NHAP WHERE MANCC='NCC01' AND ROWNUM=1 ORDER BY NGAYNHAP DESC;
INSERT INTO LO_HANG (MALO, MASP, MAPN, NGAYSANXUAT, NGAYHETHAN, SOLUONGNHAP, SOLUONGTON, GIANHAP)
SELECT NULL, 'SP002', MAPN, DATE '2024-06-01', DATE '2027-06-01', 60, 60, 420000
FROM PHIEU_NHAP WHERE MANCC='NCC01' AND ROWNUM=1 ORDER BY NGAYNHAP DESC;
INSERT INTO LO_HANG (MALO, MASP, MAPN, NGAYSANXUAT, NGAYHETHAN, SOLUONGNHAP, SOLUONGTON, GIANHAP)
SELECT NULL, 'SP006', MAPN, DATE '2024-01-10', DATE '2028-01-10', 50, 50, 560000
FROM PHIEU_NHAP WHERE MANCC='NCC01' AND ROWNUM=1 ORDER BY NGAYNHAP DESC;
INSERT INTO LO_HANG (MALO, MASP, MAPN, NGAYSANXUAT, NGAYHETHAN, SOLUONGNHAP, SOLUONGTON, GIANHAP)
SELECT NULL, 'SP007', MAPN, DATE '2024-01-10', DATE '2028-01-10', 60, 60, 290000
FROM PHIEU_NHAP WHERE MANCC='NCC01' AND ROWNUM=1 ORDER BY NGAYNHAP DESC;

INSERT INTO LO_HANG (MALO, MASP, MAPN, NGAYSANXUAT, NGAYHETHAN, SOLUONGNHAP, SOLUONGTON, GIANHAP)
SELECT NULL, 'SP003', MAPN, DATE '2024-03-01', DATE '2027-03-01', 30, 30, 1600000
FROM PHIEU_NHAP WHERE MANCC='NCC02' AND ROWNUM=1 ORDER BY NGAYNHAP DESC;
INSERT INTO LO_HANG (MALO, MASP, MAPN, NGAYSANXUAT, NGAYHETHAN, SOLUONGNHAP, SOLUONGTON, GIANHAP)
SELECT NULL, 'SP008', MAPN, DATE '2024-09-01', DATE '2026-09-01', 120, 120, 75000
FROM PHIEU_NHAP WHERE MANCC='NCC02' AND ROWNUM=1 ORDER BY NGAYNHAP DESC;
INSERT INTO LO_HANG (MALO, MASP, MAPN, NGAYSANXUAT, NGAYHETHAN, SOLUONGNHAP, SOLUONGTON, GIANHAP)
SELECT NULL, 'SP009', MAPN, DATE '2024-10-01', DATE '2026-10-01', 200, 200, 28000
FROM PHIEU_NHAP WHERE MANCC='NCC02' AND ROWNUM=1 ORDER BY NGAYNHAP DESC;
INSERT INTO LO_HANG (MALO, MASP, MAPN, NGAYSANXUAT, NGAYHETHAN, SOLUONGNHAP, SOLUONGTON, GIANHAP)
SELECT NULL, 'SP010', MAPN, DATE '2024-10-01', DATE '2026-10-01', 150, 150, 52000
FROM PHIEU_NHAP WHERE MANCC='NCC02' AND ROWNUM=1 ORDER BY NGAYNHAP DESC;

INSERT INTO LO_HANG (MALO, MASP, MAPN, NGAYSANXUAT, NGAYHETHAN, SOLUONGNHAP, SOLUONGTON, GIANHAP)
SELECT NULL, 'SP004', MAPN, DATE '2025-01-01', DATE '2027-01-01', 80, 80, 290000
FROM PHIEU_NHAP WHERE MANCC='NCC04' AND ROWNUM=1 ORDER BY NGAYNHAP DESC;
INSERT INTO LO_HANG (MALO, MASP, MAPN, NGAYSANXUAT, NGAYHETHAN, SOLUONGNHAP, SOLUONGTON, GIANHAP)
SELECT NULL, 'SP005', MAPN, DATE '2025-01-01', DATE '2027-01-01', 100, 100, 175000
FROM PHIEU_NHAP WHERE MANCC='NCC04' AND ROWNUM=1 ORDER BY NGAYNHAP DESC;

-- ============================================================
-- BƯỚC 10: LỊCH HẸN
-- ============================================================
INSERT INTO LICH_HEN (MALH, MAKH, MANS, MAGOI, NGAYHEN, GIO_HEN, LOAI_LICH, TRANGTHAI)
VALUES (NULL, 'KH001', 'NS002', 'GK01',
        TRUNC(SYSDATE) - 2,
        TRUNC(SYSDATE) - 2 + INTERVAL '9' HOUR,
        N'Online', N'Đã khám');
INSERT INTO LICH_HEN (MALH, MAKH, MANS, MAGOI, NGAYHEN, GIO_HEN, LOAI_LICH, TRANGTHAI)
VALUES (NULL, 'KH002', 'NS002', 'GK02',
        TRUNC(SYSDATE) - 1,
        TRUNC(SYSDATE) - 1 + INTERVAL '10' HOUR,
        N'Online', N'Đã khám');
INSERT INTO LICH_HEN (MALH, MAKH, MANS, MAGOI, NGAYHEN, GIO_HEN, LOAI_LICH, TRANGTHAI)
VALUES (NULL, 'KH003', 'NS005', 'GK01',
        TRUNC(SYSDATE) - 1,
        TRUNC(SYSDATE) - 1 + INTERVAL '14' HOUR,
        N'Tại chỗ', N'Đã khám');
INSERT INTO LICH_HEN (MALH, MAKH, MANS, MAGOI, NGAYHEN, GIO_HEN, LOAI_LICH, TRANGTHAI)
VALUES (NULL, 'KH004', 'NS002', 'GK02',
        TRUNC(SYSDATE),
        TRUNC(SYSDATE) + INTERVAL '8' HOUR + INTERVAL '30' MINUTE,
        N'Online', N'Đang chờ');
INSERT INTO LICH_HEN (MALH, MAKH, MANS, MAGOI, NGAYHEN, GIO_HEN, LOAI_LICH, TRANGTHAI)
VALUES (NULL, 'KH005', 'NS005', 'GK04',
        TRUNC(SYSDATE),
        TRUNC(SYSDATE) + INTERVAL '15' HOUR,
        N'Tại chỗ', N'Đang chờ');
INSERT INTO LICH_HEN (MALH, MAKH, MANS, MAGOI, NGAYHEN, GIO_HEN, LOAI_LICH, TRANGTHAI)
VALUES (NULL, 'KH001', 'NS002', 'GK03',
        TRUNC(SYSDATE) + 1,
        TRUNC(SYSDATE) + 1 + INTERVAL '9' HOUR,
        N'Online', N'Mới');
INSERT INTO LICH_HEN (MALH, MAKH, MANS, MAGOI, NGAYHEN, GIO_HEN, LOAI_LICH, TRANGTHAI)
VALUES (NULL, 'KH006', 'NS005', 'GK02',
        TRUNC(SYSDATE) + 2,
        TRUNC(SYSDATE) + 2 + INTERVAL '13' HOUR,
        N'Online', N'Mới');

-- ============================================================
-- BƯỚC 11: HÀNG CHỜ (bổ sung cột SO_THU_TU)
-- ============================================================
-- Lấy MALH cho hôm nay
INSERT INTO HANG_CHO (MAHC, MAKH, TEN_KHACH, SO_THU_TU, LOAI_KHACH, MALH, MANS_PHAN_CONG, TRANG_THAI, GIO_DANG_KY)
VALUES (NULL, 'KH004', N'Phạm Hoàng Long', 1, N'Online',
        (SELECT MALH FROM LICH_HEN WHERE MAKH='KH004' AND TRUNC(NGAYHEN)=TRUNC(SYSDATE) AND ROWNUM=1),
        'NS002', N'Đang chờ', SYSTIMESTAMP - INTERVAL '20' MINUTE);
INSERT INTO HANG_CHO (MAHC, MAKH, TEN_KHACH, SO_THU_TU, LOAI_KHACH, MALH, MANS_PHAN_CONG, TRANG_THAI, GIO_DANG_KY)
VALUES (NULL, 'KH005', N'Lê Ngọc Hân', 2, N'Online',
        (SELECT MALH FROM LICH_HEN WHERE MAKH='KH005' AND TRUNC(NGAYHEN)=TRUNC(SYSDATE) AND ROWNUM=1),
        'NS005', N'Đang chờ', SYSTIMESTAMP - INTERVAL '10' MINUTE);
INSERT INTO HANG_CHO (MAHC, TEN_KHACH, SO_THU_TU, LOAI_KHACH, MANS_PHAN_CONG, TRANG_THAI, GIO_DANG_KY, GHI_CHU)
VALUES (NULL, N'Nguyễn Văn Khách Vãng Lai', 3, N'Walk-in',
        'NS002', N'Đang chờ', SYSTIMESTAMP - INTERVAL '5' MINUTE, N'Nhức mắt, chảy nước mắt');

-- ============================================================
-- BƯỚC 12: HỒ SƠ THỊ LỰC & CHI TIẾT
-- ============================================================
INSERT INTO HO_SO_THI_LUC (MAHOSO, MAKH, MANS, NGAYKHAM, KETLUAN)
VALUES (NULL, 'KH001', 'NS002', SYSTIMESTAMP - INTERVAL '2' DAY,
        N'Cận thị hai mắt. Mắt phải -2.50D, mắt trái -3.00D. Khuyến nghị đeo kính.');
INSERT INTO HO_SO_THI_LUC (MAHOSO, MAKH, MANS, NGAYKHAM, KETLUAN)
VALUES (NULL, 'KH002', 'NS002', SYSTIMESTAMP - INTERVAL '1' DAY,
        N'Loạn thị mắt phải -1.25D. Thị lực mắt trái bình thường. Theo dõi định kỳ.');
INSERT INTO HO_SO_THI_LUC (MAHOSO, MAKH, MANS, NGAYKHAM, KETLUAN)
VALUES (NULL, 'KH003', 'NS005', SYSTIMESTAMP - INTERVAL '1' DAY,
        N'Thị lực bình thường. Không cần kính hiệu chỉnh.');
INSERT INTO HO_SO_THI_LUC (MAHOSO, MAKH, MANS, NGAYKHAM, KETLUAN)
VALUES (NULL, 'KH004', 'NS002', SYSTIMESTAMP - INTERVAL '5' DAY,
        N'Cận thị nặng mắt phải -5.00D, mắt trái -4.75D. Loạn thị nhẹ mắt phải.');

INSERT INTO CHI_TIET_THI_LUC (MAHOSO, MAT, DOCAU_SPH, DOTRU_CYL, TRUC_AX, KHOANGCACH_PD, DOCONG_ADD)
VALUES ((SELECT MAHOSO FROM HO_SO_THI_LUC WHERE MAKH='KH001' AND ROWNUM=1 ORDER BY NGAYKHAM DESC),
        'R', -2.50, -0.25, 180, 31.5, NULL);
INSERT INTO CHI_TIET_THI_LUC (MAHOSO, MAT, DOCAU_SPH, DOTRU_CYL, TRUC_AX, KHOANGCACH_PD, DOCONG_ADD)
VALUES ((SELECT MAHOSO FROM HO_SO_THI_LUC WHERE MAKH='KH001' AND ROWNUM=1 ORDER BY NGAYKHAM DESC),
        'L', -3.00, 0.00, 0, 32.0, NULL);
INSERT INTO CHI_TIET_THI_LUC (MAHOSO, MAT, DOCAU_SPH, DOTRU_CYL, TRUC_AX, KHOANGCACH_PD, DOCONG_ADD)
VALUES ((SELECT MAHOSO FROM HO_SO_THI_LUC WHERE MAKH='KH002' AND ROWNUM=1 ORDER BY NGAYKHAM DESC),
        'R', -0.50, -1.25, 90, 31.0, NULL);
INSERT INTO CHI_TIET_THI_LUC (MAHOSO, MAT, DOCAU_SPH, DOTRU_CYL, TRUC_AX, KHOANGCACH_PD, DOCONG_ADD)
VALUES ((SELECT MAHOSO FROM HO_SO_THI_LUC WHERE MAKH='KH002' AND ROWNUM=1 ORDER BY NGAYKHAM DESC),
        'L', 0.00, 0.00, 0, 31.0, NULL);
INSERT INTO CHI_TIET_THI_LUC (MAHOSO, MAT, DOCAU_SPH, DOTRU_CYL, TRUC_AX, KHOANGCACH_PD, DOCONG_ADD)
VALUES ((SELECT MAHOSO FROM HO_SO_THI_LUC WHERE MAKH='KH004' AND ROWNUM=1 ORDER BY NGAYKHAM DESC),
        'R', -5.00, -0.75, 175, 32.5, NULL);
INSERT INTO CHI_TIET_THI_LUC (MAHOSO, MAT, DOCAU_SPH, DOTRU_CYL, TRUC_AX, KHOANGCACH_PD, DOCONG_ADD)
VALUES ((SELECT MAHOSO FROM HO_SO_THI_LUC WHERE MAKH='KH004' AND ROWNUM=1 ORDER BY NGAYKHAM DESC),
        'L', -4.75, 0.00, 0, 33.0, NULL);

-- LỊCH HẸN TRIỆU CHỨNG
INSERT INTO LICH_HEN_TRIEU_CHUNG (MALH, MA_TC, MO_TA_TU_DO)
VALUES ((SELECT MALH FROM LICH_HEN WHERE MAKH='KH001' AND TRANGTHAI=N'Đã khám' AND ROWNUM=1 ORDER BY NGAYHEN),
        'TC01', N'Nhìn mờ khi đọc sách từ khoảng cách gần');
INSERT INTO LICH_HEN_TRIEU_CHUNG (MALH, MA_TC, MO_TA_TU_DO)
VALUES ((SELECT MALH FROM LICH_HEN WHERE MAKH='KH001' AND TRANGTHAI=N'Đã khám' AND ROWNUM=1 ORDER BY NGAYHEN),
        'TC08', N'Hay bị đau đầu vào buổi chiều sau khi làm việc máy tính');
INSERT INTO LICH_HEN_TRIEU_CHUNG (MALH, MA_TC, MO_TA_TU_DO)
VALUES ((SELECT MALH FROM LICH_HEN WHERE MAKH='KH002' AND TRANGTHAI=N'Đã khám' AND ROWNUM=1 ORDER BY NGAYHEN),
        'TC02', N'Nhức mắt kéo dài');

-- ============================================================
-- BƯỚC 13: PHIẾU KÊ ĐƠN & CHI TIẾT
-- ============================================================
INSERT INTO PHIEU_KE_DON (MADON, MAHOSO, MANS, NGAYKEDON, LOIDAN)
VALUES (NULL,
        (SELECT MAHOSO FROM HO_SO_THI_LUC WHERE MAKH='KH001' AND ROWNUM=1 ORDER BY NGAYKHAM DESC),
        'NS002', TRUNC(SYSDATE) - 2,
        N'Đeo kính thường xuyên, tái khám sau 6 tháng');
INSERT INTO PHIEU_KE_DON (MADON, MAHOSO, MANS, NGAYKEDON, LOIDAN)
VALUES (NULL,
        (SELECT MAHOSO FROM HO_SO_THI_LUC WHERE MAKH='KH004' AND ROWNUM=1 ORDER BY NGAYKHAM DESC),
        'NS002', TRUNC(SYSDATE) - 5,
        N'Đeo kính liên tục, tránh dụi mắt, nhỏ thuốc Rohto 2 lần/ngày');

INSERT INTO CT_KE_DON (MADON, MASP, SOLUONG, LIEUDUNG, CACHDUNG)
VALUES (
    (SELECT MADON FROM PHIEU_KE_DON WHERE MANS='NS002'
     AND MAHOSO=(SELECT MAHOSO FROM HO_SO_THI_LUC WHERE MAKH='KH001' AND ROWNUM=1 ORDER BY NGAYKHAM DESC)
     AND ROWNUM=1),
    'SP001', 1, N'1 cặp tròng', N'Lắp vào gọng kính theo chỉ số đơn');
INSERT INTO CT_KE_DON (MADON, MASP, SOLUONG, LIEUDUNG, CACHDUNG)
VALUES (
    (SELECT MADON FROM PHIEU_KE_DON WHERE MANS='NS002'
     AND MAHOSO=(SELECT MAHOSO FROM HO_SO_THI_LUC WHERE MAKH='KH001' AND ROWNUM=1 ORDER BY NGAYKHAM DESC)
     AND ROWNUM=1),
    'SP006', 1, N'1 gọng', N'Chọn gọng phù hợp khuôn mặt');
INSERT INTO CT_KE_DON (MADON, MASP, SOLUONG, LIEUDUNG, CACHDUNG)
VALUES (
    (SELECT MADON FROM PHIEU_KE_DON WHERE MANS='NS002'
     AND MAHOSO=(SELECT MAHOSO FROM HO_SO_THI_LUC WHERE MAKH='KH004' AND ROWNUM=1 ORDER BY NGAYKHAM DESC)
     AND ROWNUM=1),
    'SP002', 1, N'1 cặp tròng siêu mỏng', N'Phù hợp độ cận cao');
INSERT INTO CT_KE_DON (MADON, MASP, SOLUONG, LIEUDUNG, CACHDUNG)
VALUES (
    (SELECT MADON FROM PHIEU_KE_DON WHERE MANS='NS002'
     AND MAHOSO=(SELECT MAHOSO FROM HO_SO_THI_LUC WHERE MAKH='KH004' AND ROWNUM=1 ORDER BY NGAYKHAM DESC)
     AND ROWNUM=1),
    'SP009', 2, N'2 lọ', N'Nhỏ mắt 2 lần sáng - tối');
>>>>>>> ccad68f0bce4aa8b6b7f5234bb95f46fa300ae85

-- ============================================================
-- BƯỚC 14: XỬ LÝ KÍNH
-- ============================================================
<<<<<<< HEAD
INSERT INTO XU_LY_KINH (MAXL, MADON, THONG_SO_KINH, TRANG_THAI, NGAY_BAT_DAU, NGAY_HOAN_THANH, MANS_KY_THUAT)
VALUES (NULL, 'KD_S01', '{"sph_r": -2.50, "cyl_r": -0.25, "ax_r": 180, "pd": 63.5}', N'Hoàn thành', SYSTIMESTAMP - INTERVAL '1' DAY - INTERVAL '2' HOUR, SYSTIMESTAMP - INTERVAL '1' DAY, 'NS006');

-- ============================================================
-- BƯỚC 15: HÓA ĐƠN & THANH TOÁN (Dùng ID cứng HD_S01...)
-- ============================================================
INSERT INTO HOA_DON (MAHD, MAKH, MANS, MAHOSO, MADON, NGAYLAP, TRANGTHAI) VALUES ('HD_S01', 'KH001', 'NS004', 'HS_S01', 'KD_S01', SYSTIMESTAMP - INTERVAL '2' DAY, N'Chưa thanh toán');
INSERT INTO HOA_DON (MAHD, MAKH, MANS, MAHOSO, NGAYLAP, TRANGTHAI) VALUES ('HD_S02', 'KH002', 'NS004', 'HS_S02', SYSTIMESTAMP - INTERVAL '1' DAY, N'Chưa thanh toán');

INSERT INTO CT_HOA_DON_DV (MAHD, MADV, SOLUONG, DONGIA) VALUES ('HD_S01', 'DV01', 1, 150000);
INSERT INTO CT_HOA_DON_DV (MAHD, MADV, SOLUONG, DONGIA) VALUES ('HD_S01', 'DV06', 1, 200000);

-- Trigger TRG_THANH_TOAN sẽ tự động chốt đơn và cộng điểm
INSERT INTO THANH_TOAN (MATT, MAHD, MANS, SOTIEN, PHUONGTHUC, TRANGTHAI, GHICHU) VALUES (NULL, 'HD_S01', 'NS004', 350000, N'Tiền mặt', N'Thành công', N'KH thanh toán đủ');

-- ============================================================
-- BƯỚC 16,17,18: Bổ sung tương tự...
-- ============================================================
INSERT INTO DANH_GIA (MADG, MAHOSO, MAKH, MANS, SO_SAO, NOI_DUNG) VALUES (NULL, 'HS_S01', 'KH001', 'NS002', 5, N'Bác sĩ rất tận tâm!');
INSERT INTO KH_KHUYEN_MAI (MAKH, MAKM, MAHD, NGAY_SD) VALUES ('KH001', 'KM001', 'HD_S01', SYSTIMESTAMP - INTERVAL '2' DAY);
=======
INSERT INTO XU_LY_KINH (MAXL, MADON, THONG_SO_KINH, TRANG_THAI, NGAY_BAT_DAU, NGAY_HOAN_THANH, MANS_KY_THUAT, GHI_CHU)
VALUES (NULL,
        (SELECT MADON FROM PHIEU_KE_DON
         WHERE MAHOSO=(SELECT MAHOSO FROM HO_SO_THI_LUC WHERE MAKH='KH001' AND ROWNUM=1 ORDER BY NGAYKHAM DESC)
         AND ROWNUM=1),
        '{"sph_r": -2.50, "cyl_r": -0.25, "ax_r": 180, "sph_l": -3.00, "cyl_l": 0, "ax_l": 0, "pd": 63.5}',
        N'Hoàn thành',
        SYSTIMESTAMP - INTERVAL '1' DAY - INTERVAL '2' HOUR,
        SYSTIMESTAMP - INTERVAL '1' DAY,
        'NS006', N'Mài xong, lắp vào gọng titanium OK');

-- ============================================================
-- BƯỚC 15: HÓA ĐƠN & THANH TOÁN (có bổ sung MANS cho THANH_TOAN)
-- ============================================================
INSERT INTO HOA_DON (MAHD, MAKH, MANS, MAHOSO, MADON, NGAYLAP, TRANGTHAI)
VALUES (NULL, 'KH001', 'NS004',
        (SELECT MAHOSO FROM HO_SO_THI_LUC WHERE MAKH='KH001' AND ROWNUM=1 ORDER BY NGAYKHAM DESC),
        (SELECT MADON FROM PHIEU_KE_DON
         WHERE MAHOSO=(SELECT MAHOSO FROM HO_SO_THI_LUC WHERE MAKH='KH001' AND ROWNUM=1 ORDER BY NGAYKHAM DESC)
         AND ROWNUM=1),
        SYSTIMESTAMP - INTERVAL '2' DAY, N'Chưa thanh toán');

INSERT INTO CT_HOA_DON_DV (MAHD, MADV, SOLUONG, DONGIA)
VALUES (
    (SELECT MAHD FROM HOA_DON WHERE MAKH='KH001' AND ROWNUM=1 ORDER BY NGAYLAP DESC),
    'DV01', 1, 150000);
INSERT INTO CT_HOA_DON_DV (MAHD, MADV, SOLUONG, DONGIA)
VALUES (
    (SELECT MAHD FROM HOA_DON WHERE MAKH='KH001' AND ROWNUM=1 ORDER BY NGAYLAP DESC),
    'DV02', 1, 80000);
INSERT INTO CT_HOA_DON_DV (MAHD, MADV, SOLUONG, DONGIA)
VALUES (
    (SELECT MAHD FROM HOA_DON WHERE MAKH='KH001' AND ROWNUM=1 ORDER BY NGAYLAP DESC),
    'DV06', 1, 200000);

INSERT INTO THANH_TOAN (MATT, MAHD, MANS, SOTIEN, PHUONGTHUC, TRANGTHAI, GHICHU)
VALUES (NULL,
    (SELECT MAHD FROM HOA_DON WHERE MAKH='KH001' AND ROWNUM=1 ORDER BY NGAYLAP DESC),
    'NS004', 430000, N'Tiền mặt', N'Thành công', N'KH thanh toán đủ');

-- Hóa đơn KH002
INSERT INTO HOA_DON (MAHD, MAKH, MANS, MAHOSO, NGAYLAP, TRANGTHAI)
VALUES (NULL, 'KH002', 'NS004',
        (SELECT MAHOSO FROM HO_SO_THI_LUC WHERE MAKH='KH002' AND ROWNUM=1 ORDER BY NGAYKHAM DESC),
        SYSTIMESTAMP - INTERVAL '1' DAY, N'Chưa thanh toán');

INSERT INTO CT_HOA_DON_DV (MAHD, MADV, SOLUONG, DONGIA)
VALUES (
    (SELECT MAHD FROM HOA_DON WHERE MAKH='KH002' AND ROWNUM=1 ORDER BY NGAYLAP DESC),
    'DV01', 1, 150000);
INSERT INTO CT_HOA_DON_DV (MAHD, MADV, SOLUONG, DONGIA)
VALUES (
    (SELECT MAHD FROM HOA_DON WHERE MAKH='KH002' AND ROWNUM=1 ORDER BY NGAYLAP DESC),
    'DV02', 1, 80000);
INSERT INTO CT_HOA_DON_DV (MAHD, MADV, SOLUONG, DONGIA)
VALUES (
    (SELECT MAHD FROM HOA_DON WHERE MAKH='KH002' AND ROWNUM=1 ORDER BY NGAYLAP DESC),
    'DV03', 1, 50000);
INSERT INTO CT_HOA_DON_DV (MAHD, MADV, SOLUONG, DONGIA)
VALUES (
    (SELECT MAHD FROM HOA_DON WHERE MAKH='KH002' AND ROWNUM=1 ORDER BY NGAYLAP DESC),
    'DV04', 1, 200000);

INSERT INTO THANH_TOAN (MATT, MAHD, MANS, SOTIEN, PHUONGTHUC, TRANGTHAI, GHICHU)
VALUES (NULL,
    (SELECT MAHD FROM HOA_DON WHERE MAKH='KH002' AND ROWNUM=1 ORDER BY NGAYLAP DESC),
    'NS010', 480000, N'Chuyển khoản', N'Thành công', N'Thanh toán online qua QR');

-- Hóa đơn KH004 (chưa thanh toán)
INSERT INTO HOA_DON (MAHD, MAKH, MANS, MAHOSO, MADON, NGAYLAP, TRANGTHAI)
VALUES (NULL, 'KH004', 'NS004',
        (SELECT MAHOSO FROM HO_SO_THI_LUC WHERE MAKH='KH004' AND ROWNUM=1 ORDER BY NGAYKHAM DESC),
        (SELECT MADON FROM PHIEU_KE_DON
         WHERE MAHOSO=(SELECT MAHOSO FROM HO_SO_THI_LUC WHERE MAKH='KH004' AND ROWNUM=1 ORDER BY NGAYKHAM DESC)
         AND ROWNUM=1),
        SYSTIMESTAMP - INTERVAL '5' DAY, N'Chưa thanh toán');

INSERT INTO CT_HOA_DON_DV (MAHD, MADV, SOLUONG, DONGIA)
VALUES (
    (SELECT MAHD FROM HOA_DON WHERE MAKH='KH004' AND ROWNUM=1 ORDER BY NGAYLAP DESC),
    'DV01', 1, 150000);
INSERT INTO CT_HOA_DON_DV (MAHD, MADV, SOLUONG, DONGIA)
VALUES (
    (SELECT MAHD FROM HOA_DON WHERE MAKH='KH004' AND ROWNUM=1 ORDER BY NGAYLAP DESC),
    'DV02', 1, 80000);
INSERT INTO CT_HOA_DON_DV (MAHD, MADV, SOLUONG, DONGIA)
VALUES (
    (SELECT MAHD FROM HOA_DON WHERE MAKH='KH004' AND ROWNUM=1 ORDER BY NGAYLAP DESC),
    'DV03', 1, 50000);
INSERT INTO CT_HOA_DON_DV (MAHD, MADV, SOLUONG, DONGIA)
VALUES (
    (SELECT MAHD FROM HOA_DON WHERE MAKH='KH004' AND ROWNUM=1 ORDER BY NGAYLAP DESC),
    'DV04', 1, 200000);
INSERT INTO CT_HOA_DON_DV (MAHD, MADV, SOLUONG, DONGIA)
VALUES (
    (SELECT MAHD FROM HOA_DON WHERE MAKH='KH004' AND ROWNUM=1 ORDER BY NGAYLAP DESC),
    'DV06', 1, 200000);

-- ============================================================
-- BƯỚC 16: ĐÁNH GIÁ
-- ============================================================
INSERT INTO DANH_GIA (MADG, MAHOSO, MAKH, MANS, SO_SAO, NOI_DUNG)
VALUES (NULL,
        (SELECT MAHOSO FROM HO_SO_THI_LUC WHERE MAKH='KH001' AND ROWNUM=1 ORDER BY NGAYKHAM DESC),
        'KH001', 'NS002', 5,
        N'Bác sĩ rất tận tâm, giải thích kỹ lưỡng. Kính mới nhìn rõ hơn hẳn!');
INSERT INTO DANH_GIA (MADG, MAHOSO, MAKH, MANS, SO_SAO, NOI_DUNG)
VALUES (NULL,
        (SELECT MAHOSO FROM HO_SO_THI_LUC WHERE MAKH='KH002' AND ROWNUM=1 ORDER BY NGAYKHAM DESC),
        'KH002', 'NS002', 4,
        N'Phòng khám sạch sẽ, nhân viên thân thiện. Chờ hơi lâu một chút.');
INSERT INTO DANH_GIA (MADG, MAHOSO, MAKH, MANS, SO_SAO, NOI_DUNG)
VALUES (NULL,
        (SELECT MAHOSO FROM HO_SO_THI_LUC WHERE MAKH='KH003' AND ROWNUM=1 ORDER BY NGAYKHAM DESC),
        'KH003', 'NS005', 5,
        N'Bác sĩ dễ thương, khám nhanh và chính xác. Sẽ giới thiệu bạn bè.');

-- ============================================================
-- BƯỚC 17: KHUYẾN MÃI & KH_KHUYEN_MAI
-- ============================================================
INSERT INTO KHUYEN_MAI (MAKM, TENKM, LOAI, GIA_TRI, GIAM_TOI_DA, MA_CODE,
                         NGAY_BD, NGAY_KT, SO_LUONG, DA_DUNG, DIEU_KIEN, IS_ACTIVE)
VALUES ('KM001', N'Giảm 10% nhân dịp khai trương', N'PHAN_TRAM',
        10, 200000, 'KHAI_TRUONG',
        DATE '2025-01-01', DATE '2025-12-31', 500, 3, 0, 1);
INSERT INTO KHUYEN_MAI (MAKM, TENKM, LOAI, GIA_TRI, GIAM_TOI_DA, MA_CODE,
                         NGAY_BD, NGAY_KT, SO_LUONG, DA_DUNG, DIEU_KIEN, IS_ACTIVE)
VALUES ('KM002', N'Giảm 50.000đ hóa đơn từ 300.000đ', N'SO_TIEN',
        50000, 50000, 'GIAM50K',
        DATE '2025-03-01', DATE '2025-09-30', 200, 1, 300000, 1);
INSERT INTO KHUYEN_MAI (MAKM, TENKM, LOAI, GIA_TRI, GIAM_TOI_DA, MA_CODE,
                         NGAY_BD, NGAY_KT, SO_LUONG, DA_DUNG, DIEU_KIEN, IS_ACTIVE)
VALUES ('KM003', N'Sinh nhật tặng 15% toàn bộ dịch vụ', N'PHAN_TRAM',
        15, 300000, 'BIRTHDAY15',
        DATE '2025-01-01', DATE '2025-12-31', NULL, 0, 0, 1);
INSERT INTO KHUYEN_MAI (MAKM, TENKM, LOAI, GIA_TRI, GIAM_TOI_DA, MA_CODE,
                         NGAY_BD, NGAY_KT, SO_LUONG, DA_DUNG, DIEU_KIEN, IS_ACTIVE)
VALUES ('KM004', N'Flash Sale cuối tuần -20%', N'PHAN_TRAM',
        20, 400000, 'FLASH20',
        DATE '2025-05-01', DATE '2025-05-31', 100, 0, 500000, 1);

INSERT INTO KH_KHUYEN_MAI (MAKH, MAKM, MAHD, NGAY_SD)
VALUES ('KH001', 'KM001',
        (SELECT MAHD FROM HOA_DON WHERE MAKH='KH001' AND ROWNUM=1 ORDER BY NGAYLAP DESC),
        SYSTIMESTAMP - INTERVAL '2' DAY);

-- ============================================================
-- BƯỚC 18: CHI TIẾT KỸ THUẬT NHÂN SỰ
-- ============================================================
INSERT INTO CHI_TIET_KY_THUAT (MANS, CHUYEN_NGANH, CHUNG_CHI_HANH_NGHE, NAM_CAP_CHUNG_CHI, NOI_CAP, KINH_NGHIEM_NAM)
VALUES ('NS006', N'Kỹ thuật mắt kính', N'Chứng chỉ hành nghề kỹ thuật viên mắt kính', 2020,
        N'Sở Y tế TP.HCM', 5);
INSERT INTO CHI_TIET_KY_THUAT (MANS, CHUYEN_NGANH, CHUNG_CHI_HANH_NGHE, NAM_CAP_CHUNG_CHI, NOI_CAP, KINH_NGHIEM_NAM)
VALUES ('NS007', N'Quang học kính mắt', N'Chứng chỉ hành nghề kỹ thuật viên mắt kính', 2022,
        N'Sở Y tế TP.HCM', 3);
INSERT INTO CHI_TIET_KY_THUAT (MANS, CHUYEN_NGANH, CHUNG_CHI_HANH_NGHE, NAM_CAP_CHUNG_CHI, NOI_CAP, KINH_NGHIEM_NAM)
VALUES ('NS002', N'Khúc xạ nhãn khoa', N'Chứng chỉ hành nghề bác sĩ nhãn khoa', 2015,
        N'Bộ Y tế', 10);
INSERT INTO CHI_TIET_KY_THUAT (MANS, CHUYEN_NGANH, CHUNG_CHI_HANH_NGHE, NAM_CAP_CHUNG_CHI, NOI_CAP, KINH_NGHIEM_NAM)
VALUES ('NS005', N'Nhãn khoa nhi', N'Chứng chỉ hành nghề bác sĩ nhãn khoa', 2018,
        N'Bộ Y tế', 7);
>>>>>>> ccad68f0bce4aa8b6b7f5234bb95f46fa300ae85

COMMIT;