-- ============================================================
-- SCRIPT SEED DATA - HỆ THỐNG QUẢN LÝ CỬA HÀNG KÍNH MẮT
-- (HOÀN CHỈNH - ĐÃ SỬA LỖI)
-- ============================================================

-- ============================================================
-- BƯỚC 0: TẮT TOÀN BỘ TRIGGER ĐỂ XÓA DỮ LIỆU
-- ============================================================
BEGIN
    FOR trg IN (SELECT trigger_name FROM user_triggers) LOOP
        EXECUTE IMMEDIATE 'ALTER TRIGGER ' || trg.trigger_name || ' DISABLE';
    END LOOP;
END;
/

-- ============================================================
-- 1. XÓA DỮ LIỆU CŨ
-- ============================================================
DELETE FROM AUDIT_HOSO_THILUC;
DELETE FROM LICH_SU_DIEM;
DELETE FROM LICH_SU_GIA;
DELETE FROM DANH_GIA;
DELETE FROM KH_KHUYEN_MAI;
DELETE FROM THANH_TOAN;
DELETE FROM CT_HOA_DON_DV;
DELETE FROM CT_HOA_DON;
DELETE FROM HOA_DON;
DELETE FROM XU_LY_KINH;
DELETE FROM CT_KE_DON;
DELETE FROM PHIEU_KE_DON;
DELETE FROM LICH_HEN_TRIEU_CHUNG;
DELETE FROM CHI_TIET_THI_LUC;
DELETE FROM HO_SO_THI_LUC;
DELETE FROM HANG_CHO;
DELETE FROM LICH_HEN;
DELETE FROM LICH_LAM_VIEC;
DELETE FROM CHI_TIET_KY_THUAT;
DELETE FROM LO_HANG;
DELETE FROM PHIEU_NHAP;
DELETE FROM CT_GOI_KHAM;
DELETE FROM GOI_KHAM;
DELETE FROM DICH_VU_KHAM;
DELETE FROM TRIEU_CHUNG;
DELETE FROM SAN_PHAM;
DELETE FROM LOAI_SAN_PHAM;
DELETE FROM NHA_CUNG_CAP;
DELETE FROM KHUYEN_MAI;
DELETE FROM GIAO_DICH_NCC;
DELETE FROM NHOM_VAITRO;
DELETE FROM VAITRO;
DELETE FROM NHAN_SU;
DELETE FROM KHACH_HANG;
DELETE FROM TAIKHOAN_NHOM;
DELETE FROM TAI_KHOAN;
DELETE FROM NHOM;
DELETE FROM CHUC_VU;
DELETE FROM token_blacklist;
COMMIT;

-- ============================================================
-- BƯỚC 1.5: BẬT LẠI TRIGGER
-- ============================================================
BEGIN
    FOR trg IN (SELECT trigger_name FROM user_triggers) LOOP
        EXECUTE IMMEDIATE 'ALTER TRIGGER ' || trg.trigger_name || ' ENABLE';
        EXECUTE IMMEDIATE 'ALTER TRIGGER ' || trg.trigger_name || ' COMPILE';
    END LOOP;
END;
/

-- ============================================================
-- 2. DANH MỤC CƠ BẢN
-- ============================================================

INSERT INTO CHUC_VU (MACV, TENCV) VALUES ('CV06', N'Bác sĩ');
INSERT INTO CHUC_VU (MACV, TENCV) VALUES ('CV07', N'Kỹ thuật viên mắt kính');
INSERT INTO CHUC_VU (MACV, TENCV) VALUES ('CV08', N'Thu ngân');
INSERT INTO CHUC_VU (MACV, TENCV) VALUES ('CV09', N'Thủ kho');
INSERT INTO CHUC_VU (MACV, TENCV) VALUES ('CV10', N'Quản lý');
INSERT INTO CHUC_VU (MACV, TENCV) VALUES ('CV11', N'Lễ tân');

INSERT INTO NHOM (MANHOM, TENNHOM, MOTA) VALUES ('BAC_SI', N'Nhóm Bác sĩ', NULL);
INSERT INTO NHOM (MANHOM, TENNHOM, MOTA) VALUES ('THU_NGAN', N'Nhóm Thu ngân', NULL);
INSERT INTO NHOM (MANHOM, TENNHOM, MOTA) VALUES ('THU_KHO', N'Nhóm Thủ kho', NULL);
INSERT INTO NHOM (MANHOM, TENNHOM, MOTA) VALUES ('ADMIN', N'Nhóm Quản lý', NULL);
INSERT INTO NHOM (MANHOM, TENNHOM, MOTA) VALUES ('KY_THUAT', N'Nhóm Kỹ thuật viên', NULL);
INSERT INTO NHOM (MANHOM, TENNHOM, MOTA) VALUES ('LE_TAN', N'Nhóm Lễ tân', NULL);
INSERT INTO NHOM (MANHOM, TENNHOM, MOTA) VALUES ('CUSTOMER', N'Nhóm Khách hàng', NULL);

-- Tài khoản
INSERT INTO TAI_KHOAN (MATK, USERNAME, PASSWORD, LOAI_TK, TRANGTHAI) VALUES ('TK001', 'admin1', '$2a$10$8.UnVuG9HHgffUDAlk8qfOuVGkqRzgVymGe07xd00DM99I1YvI8Y6', 'INTERNAL', 1);
INSERT INTO TAI_KHOAN (MATK, USERNAME, PASSWORD, LOAI_TK, TRANGTHAI) VALUES ('TK005', 'thukho1', '$2a$10$8.UnVuG9HHgffUDAlk8qfOuVGkqRzgVymGe07xd00DM99I1YvI8Y6', 'INTERNAL', 1);
INSERT INTO TAI_KHOAN (MATK, USERNAME, PASSWORD, LOAI_TK, TRANGTHAI) VALUES ('TK006', 'kythuat1', '$2a$10$8.UnVuG9HHgffUDAlk8qfOuVGkqRzgVymGe07xd00DM99I1YvI8Y6', 'INTERNAL', 1);
INSERT INTO TAI_KHOAN (MATK, USERNAME, PASSWORD, LOAI_TK, TRANGTHAI) VALUES ('TK008', 'bacsi2', '$2a$10$8.UnVuG9HHgffUDAlk8qfOuVGkqRzgVymGe07xd00DM99I1YvI8Y6', 'INTERNAL', 1);
INSERT INTO TAI_KHOAN (MATK, USERNAME, PASSWORD, LOAI_TK, TRANGTHAI) VALUES ('TK009', 'kythuat2', '$2a$10$8.UnVuG9HHgffUDAlk8qfOuVGkqRzgVymGe07xd00DM99I1YvI8Y6', 'INTERNAL', 1);
INSERT INTO TAI_KHOAN (MATK, USERNAME, PASSWORD, LOAI_TK, TRANGTHAI) VALUES ('TK010', 'thukho2', '$2a$10$8.UnVuG9HHgffUDAlk8qfOuVGkqRzgVymGe07xd00DM99I1YvI8Y6', 'INTERNAL', 1);
INSERT INTO TAI_KHOAN (MATK, USERNAME, PASSWORD, LOAI_TK, TRANGTHAI) VALUES ('TK011', 'kh002', '$2a$10$8.UnVuG9HHgffUDAlk8qfOuVGkqRzgVymGe07xd00DM99I1YvI8Y6', 'EXTERNAL', 1);
INSERT INTO TAI_KHOAN (MATK, USERNAME, PASSWORD, LOAI_TK, TRANGTHAI) VALUES ('TK012', 'kh003', '$2a$10$8.UnVuG9HHgffUDAlk8qfOuVGkqRzgVymGe07xd00DM99I1YvI8Y6', 'EXTERNAL', 1);
INSERT INTO TAI_KHOAN (MATK, USERNAME, PASSWORD, LOAI_TK, TRANGTHAI) VALUES ('TK013', 'kh004', '$2a$10$8.UnVuG9HHgffUDAlk8qfOuVGkqRzgVymGe07xd00DM99I1YvI8Y6', 'EXTERNAL', 1);
INSERT INTO TAI_KHOAN (MATK, USERNAME, PASSWORD, LOAI_TK, TRANGTHAI) VALUES ('TK014', 'thungan2', '$2a$10$8.UnVuG9HHgffUDAlk8qfOuVGkqRzgVymGe07xd00DM99I1YvI8Y6', 'INTERNAL', 1);
INSERT INTO TAI_KHOAN (MATK, USERNAME, PASSWORD, LOAI_TK, TRANGTHAI) VALUES ('TK015', 'letan1', '$2a$10$8.UnVuG9HHgffUDAlk8qfOuVGkqRzgVymGe07xd00DM99I1YvI8Y6', 'INTERNAL', 1);
INSERT INTO TAI_KHOAN (MATK, USERNAME, PASSWORD, LOAI_TK, TRANGTHAI) VALUES ('TK016', 'bacsi3', '$2a$10$8.UnVuG9HHgffUDAlk8qfOuVGkqRzgVymGe07xd00DM99I1YvI8Y6', 'INTERNAL', 1);
INSERT INTO TAI_KHOAN (MATK, USERNAME, PASSWORD, LOAI_TK, TRANGTHAI) VALUES ('TK017', 'kh007', '$2a$10$8.UnVuG9HHgffUDAlk8qfOuVGkqRzgVymGe07xd00DM99I1YvI8Y6', 'EXTERNAL', 1);
INSERT INTO TAI_KHOAN (MATK, USERNAME, PASSWORD, LOAI_TK, TRANGTHAI) VALUES ('TK018', 'kh008', '$2a$10$8.UnVuG9HHgffUDAlk8qfOuVGkqRzgVymGe07xd00DM99I1YvI8Y6', 'EXTERNAL', 1);
INSERT INTO TAI_KHOAN (MATK, USERNAME, PASSWORD, LOAI_TK, TRANGTHAI) VALUES ('TK019', 'kh009', '$2a$10$8.UnVuG9HHgffUDAlk8qfOuVGkqRzgVymGe07xd00DM99I1YvI8Y6', 'EXTERNAL', 1);
INSERT INTO TAI_KHOAN (MATK, USERNAME, PASSWORD, LOAI_TK, TRANGTHAI) VALUES ('TK020', 'kh010', '$2a$10$8.UnVuG9HHgffUDAlk8qfOuVGkqRzgVymGe07xd00DM99I1YvI8Y6', 'EXTERNAL', 1);

INSERT INTO TAIKHOAN_NHOM (MATK, MANHOM) VALUES ('TK001', 'ADMIN');
INSERT INTO TAIKHOAN_NHOM (MATK, MANHOM) VALUES ('TK005', 'THU_KHO');
INSERT INTO TAIKHOAN_NHOM (MATK, MANHOM) VALUES ('TK006', 'KY_THUAT');
INSERT INTO TAIKHOAN_NHOM (MATK, MANHOM) VALUES ('TK008', 'BAC_SI');
INSERT INTO TAIKHOAN_NHOM (MATK, MANHOM) VALUES ('TK009', 'KY_THUAT');
INSERT INTO TAIKHOAN_NHOM (MATK, MANHOM) VALUES ('TK010', 'THU_KHO');
INSERT INTO TAIKHOAN_NHOM (MATK, MANHOM) VALUES ('TK011', 'CUSTOMER');
INSERT INTO TAIKHOAN_NHOM (MATK, MANHOM) VALUES ('TK012', 'CUSTOMER');
INSERT INTO TAIKHOAN_NHOM (MATK, MANHOM) VALUES ('TK013', 'CUSTOMER');
INSERT INTO TAIKHOAN_NHOM (MATK, MANHOM) VALUES ('TK014', 'THU_NGAN');
INSERT INTO TAIKHOAN_NHOM (MATK, MANHOM) VALUES ('TK015', 'LE_TAN');
INSERT INTO TAIKHOAN_NHOM (MATK, MANHOM) VALUES ('TK016', 'BAC_SI');
INSERT INTO TAIKHOAN_NHOM (MATK, MANHOM) VALUES ('TK017', 'CUSTOMER');
INSERT INTO TAIKHOAN_NHOM (MATK, MANHOM) VALUES ('TK018', 'CUSTOMER');
INSERT INTO TAIKHOAN_NHOM (MATK, MANHOM) VALUES ('TK019', 'CUSTOMER');
INSERT INTO TAIKHOAN_NHOM (MATK, MANHOM) VALUES ('TK020', 'CUSTOMER');

INSERT INTO NHAN_SU (MANS, MATK, MACV, HOTEN, NGAYSINH, SDT, GIOITINH, CHUYENKHOA, IS_DELETED) VALUES ('NS001', 'TK001', 'CV10', N'Sếp Tổng Vision Care', DATE '1985-10-20', '0999999999', N'Nam', NULL, 0);
INSERT INTO NHAN_SU (MANS, MATK, MACV, HOTEN, NGAYSINH, SDT, GIOITINH, CHUYENKHOA, IS_DELETED) VALUES ('NS005', 'TK008', 'CV06', N'Nguyễn Thị Hương', DATE '1988-03-15', '0912345678', N'Nữ', N'Nhãn khoa nhi', 0);
INSERT INTO NHAN_SU (MANS, MATK, MACV, HOTEN, NGAYSINH, SDT, GIOITINH, CHUYENKHOA, IS_DELETED) VALUES ('NS006', 'TK006', 'CV07', N'Đỗ Minh Quân', DATE '1995-07-20', '0923456789', N'Nam', NULL, 0);
INSERT INTO NHAN_SU (MANS, MATK, MACV, HOTEN, NGAYSINH, SDT, GIOITINH, CHUYENKHOA, IS_DELETED) VALUES ('NS007', 'TK009', 'CV07', N'Lê Thị Bảo Châu', DATE '1997-11-05', '0934567890', N'Nữ', NULL, 0);
INSERT INTO NHAN_SU (MANS, MATK, MACV, HOTEN, NGAYSINH, SDT, GIOITINH, CHUYENKHOA, IS_DELETED) VALUES ('NS008', 'TK005', 'CV09', N'Vũ Đức Mạnh', DATE '1990-04-10', '0945678901', N'Nam', NULL, 0);
INSERT INTO NHAN_SU (MANS, MATK, MACV, HOTEN, NGAYSINH, SDT, GIOITINH, CHUYENKHOA, IS_DELETED) VALUES ('NS009', 'TK010', 'CV09', N'Hoàng Thị Lan', DATE '1993-08-22', '0956789012', N'Nữ', NULL, 0);
INSERT INTO NHAN_SU (MANS, MATK, MACV, HOTEN, NGAYSINH, SDT, GIOITINH, CHUYENKHOA, IS_DELETED) VALUES ('NS010', 'TK014', 'CV08', N'Trần Quốc Bảo', DATE '1992-12-30', '0967890123', N'Nam', NULL, 0);
INSERT INTO NHAN_SU (MANS, MATK, MACV, HOTEN, NGAYSINH, SDT, GIOITINH, CHUYENKHOA, IS_DELETED) VALUES ('NS011', 'TK015', 'CV11', N'Phạm Thị Lệ', DATE '1998-05-15', '0987654321', N'Nữ', NULL, 0);
INSERT INTO NHAN_SU (MANS, MATK, MACV, HOTEN, NGAYSINH, SDT, GIOITINH, CHUYENKHOA, IS_DELETED) VALUES ('NS012', 'TK016', 'CV06', N'Trần Minh Khoa', DATE '1982-06-10', '0978123456', N'Nam', N'Nhãn khoa người lớn', 0);

INSERT INTO KHACH_HANG (MAKH, MATK, HOTEN, NGAYSINH, SDT, GIOITINH, DIACHI, DIEMTICHLUY, IS_DELETED) VALUES ('KH001', NULL, N'Khách Hàng Số Một', DATE '1990-01-01', '0901001001', N'Nam', N'TP.HCM', 100, 0);
INSERT INTO KHACH_HANG (MAKH, MATK, HOTEN, NGAYSINH, SDT, GIOITINH, DIACHI, DIEMTICHLUY, IS_DELETED) VALUES ('KH002', 'TK011', N'Nguyễn Văn An', DATE '1990-05-12', '0911111111', N'Nam', N'123 Nguyễn Trãi, Q.1, TP.HCM', 50, 0);
INSERT INTO KHACH_HANG (MAKH, MATK, HOTEN, NGAYSINH, SDT, GIOITINH, DIACHI, DIEMTICHLUY, IS_DELETED) VALUES ('KH003', 'TK012', N'Trần Thị Bích', DATE '1995-09-20', '0922222222', N'Nữ', N'45 Lê Lợi, Q.3, TP.HCM', 0, 0);
INSERT INTO KHACH_HANG (MAKH, MATK, HOTEN, NGAYSINH, SDT, GIOITINH, DIACHI, DIEMTICHLUY, IS_DELETED) VALUES ('KH004', 'TK013', N'Phạm Hoàng Long', DATE '1985-02-28', '0933333333', N'Nam', N'78 Hai Bà Trưng, Q.Bình Thạnh, TP.HCM', 200, 0);
INSERT INTO KHACH_HANG (MAKH, MATK, HOTEN, NGAYSINH, SDT, GIOITINH, DIACHI, DIEMTICHLUY, IS_DELETED) VALUES ('KH005', NULL, N'Lê Ngọc Hân', DATE '2000-07-04', '0944444444', N'Nữ', N'99 CMT8, Q.10, TP.HCM', 0, 0);
INSERT INTO KHACH_HANG (MAKH, MATK, HOTEN, NGAYSINH, SDT, GIOITINH, DIACHI, DIEMTICHLUY, IS_DELETED) VALUES ('KH006', NULL, N'Võ Thành Tâm', DATE '1978-11-15', '0955555555', N'Nam', NULL, 0, 0);
INSERT INTO KHACH_HANG (MAKH, MATK, HOTEN, NGAYSINH, SDT, GIOITINH, DIACHI, DIEMTICHLUY, IS_DELETED) VALUES ('KH007', 'TK017', N'Bùi Thị Cẩm', DATE '1992-03-18', '0966001001', N'Nữ', N'Q.Gò Vấp, TP.HCM', 320, 0);
INSERT INTO KHACH_HANG (MAKH, MATK, HOTEN, NGAYSINH, SDT, GIOITINH, DIACHI, DIEMTICHLUY, IS_DELETED) VALUES ('KH008', 'TK018', N'Đinh Quang Hải', DATE '1988-11-02', '0966002002', N'Nam', N'Q.7, TP.HCM', 80, 0);
INSERT INTO KHACH_HANG (MAKH, MATK, HOTEN, NGAYSINH, SDT, GIOITINH, DIACHI, DIEMTICHLUY, IS_DELETED) VALUES ('KH009', 'TK019', N'Ngô Thị Thanh', DATE '2001-07-29', '0966003003', N'Nữ', N'Bình Dương', 0, 0);
INSERT INTO KHACH_HANG (MAKH, MATK, HOTEN, NGAYSINH, SDT, GIOITINH, DIACHI, DIEMTICHLUY, IS_DELETED) VALUES ('KH010', 'TK020', N'Lý Văn Phúc', DATE '1975-05-05', '0966004004', N'Nam', N'Đồng Nai', 150, 0);

-- ============================================================
-- 3. LỊCH LÀM VIỆC
-- ============================================================
INSERT INTO LICH_LAM_VIEC (MALLV, MANS, NGAY_LAM, GIO_BAT_DAU, GIO_KET_THUC, IS_NGHI) 
SELECT 'LV_S' || LPAD(LEVEL, 3, '0'), 'NS005', TRUNC(SYSDATE) + LEVEL - 4, 13.0, 20.0, 0 
FROM DUAL CONNECT BY LEVEL <= 10;

-- ============================================================
-- 4. DỊCH VỤ & GÓI KHÁM
-- ============================================================
INSERT INTO DICH_VU_KHAM (MADV, TENDV, GIA, MOTA, IS_ACTIVE) VALUES ('DV01', N'Khám mắt tổng quát', 150000, N'Kiểm tra thị lực cơ bản', 1);
INSERT INTO DICH_VU_KHAM (MADV, TENDV, GIA, MOTA, IS_ACTIVE) VALUES ('DV02', N'Đo khúc xạ máy tự động', 80000, N'Đo cận loạn', 1);
INSERT INTO DICH_VU_KHAM (MADV, TENDV, GIA, MOTA, IS_ACTIVE) VALUES ('DV03', N'Soi đáy mắt', 250000, N'Kiểm tra võng mạc', 1);
INSERT INTO DICH_VU_KHAM (MADV, TENDV, GIA, MOTA, IS_ACTIVE) VALUES ('DV04', N'Đo nhãn áp', 120000, N'Phát hiện glaucoma', 1);
INSERT INTO DICH_VU_KHAM (MADV, TENDV, GIA, MOTA, IS_ACTIVE) VALUES ('DV05', N'Chụp OCT võng mạc', 450000, N'Chẩn đoán thoái hóa', 1);
INSERT INTO DICH_VU_KHAM (MADV, TENDV, GIA, MOTA, IS_ACTIVE) VALUES ('DV06', N'Mài lắp kính mắt', 200000, N'Lắp gọng', 1);

INSERT INTO GOI_KHAM (MAGOI, TENGOI, MOTA, GIA, THOILUONG, IS_ACTIVE) VALUES ('GK01', N'Gói Khám Cơ Bản', N'Khám tổng quát', 200000, 30, 1);
INSERT INTO GOI_KHAM (MAGOI, TENGOI, MOTA, GIA, THOILUONG, IS_ACTIVE) VALUES ('GK02', N'Gói Khám Nâng Cao', N'Kiểm tra chuyên sâu', 550000, 60, 1);

INSERT INTO CT_GOI_KHAM (MAGOI, MADV, SOLUONG) VALUES ('GK01', 'DV01', 1);
INSERT INTO CT_GOI_KHAM (MAGOI, MADV, SOLUONG) VALUES ('GK01', 'DV02', 1);
INSERT INTO CT_GOI_KHAM (MAGOI, MADV, SOLUONG) VALUES ('GK02', 'DV01', 1);
INSERT INTO CT_GOI_KHAM (MAGOI, MADV, SOLUONG) VALUES ('GK02', 'DV02', 1);
INSERT INTO CT_GOI_KHAM (MAGOI, MADV, SOLUONG) VALUES ('GK02', 'DV03', 1);
INSERT INTO CT_GOI_KHAM (MAGOI, MADV, SOLUONG) VALUES ('GK02', 'DV04', 1);

INSERT INTO TRIEU_CHUNG (MA_TC, TEN_TC, MO_TA, IS_ACTIVE) VALUES ('TC01', N'Mờ mắt', N'Nhìn không rõ', 1);
INSERT INTO TRIEU_CHUNG (MA_TC, TEN_TC, MO_TA, IS_ACTIVE) VALUES ('TC02', N'Nhức mắt', N'Đau nhức', 1);

-- ============================================================
-- 5. NHÀ CUNG CẤP & SẢN PHẨM
-- ============================================================
INSERT INTO NHA_CUNG_CAP (MANCC, TENNCC, SDT, DIACHI) VALUES ('NCC01', N'Công ty TNHH Quang Học Việt', '02838123456', N'120 Trần Hưng Đạo, TP.HCM');

INSERT INTO LOAI_SAN_PHAM (MALOAI, TENLOAI) VALUES ('LSP01', N'Tròng kính đơn tụ');
INSERT INTO LOAI_SAN_PHAM (MALOAI, TENLOAI) VALUES ('LSP04', N'Gọng kính');

INSERT INTO SAN_PHAM (MASP, MALOAI, TENSP, DONVITINH, LATHUOC, GIABAN, TON_KHO_TOI_THIEU, DON_VI_TINH_KHO) VALUES ('SP001', 'LSP01', N'Tròng CR-39 đơn tụ chống UV', N'Cặp', 0, 350000, 20, N'Cặp');
INSERT INTO SAN_PHAM (MASP, MALOAI, TENSP, DONVITINH, LATHUOC, GIABAN, TON_KHO_TOI_THIEU, DON_VI_TINH_KHO) VALUES ('SP002', 'LSP01', N'Tròng Transitions đổi màu', N'Cặp', 0, 750000, 15, N'Cặp');
INSERT INTO SAN_PHAM (MASP, MALOAI, TENSP, DONVITINH, LATHUOC, GIABAN, TON_KHO_TOI_THIEU, DON_VI_TINH_KHO) VALUES ('SP003', 'LSP01', N'Tròng kính lão (Bifocal)', N'Cặp', 0, 550000, 10, N'Cặp');
INSERT INTO SAN_PHAM (MASP, MALOAI, TENSP, DONVITINH, LATHUOC, GIABAN, TON_KHO_TOI_THIEU, DON_VI_TINH_KHO) VALUES ('SP004', 'LSP04', N'Gọng nhựa Acetate', N'Cái', 0, 450000, 25, N'Cái');
INSERT INTO SAN_PHAM (MASP, MALOAI, TENSP, DONVITINH, LATHUOC, GIABAN, TON_KHO_TOI_THIEU, DON_VI_TINH_KHO) VALUES ('SP005', 'LSP04', N'Gọng thể thao TR90', N'Cái', 0, 380000, 30, N'Cái');
INSERT INTO SAN_PHAM (MASP, MALOAI, TENSP, DONVITINH, LATHUOC, GIABAN, TON_KHO_TOI_THIEU, DON_VI_TINH_KHO) VALUES ('SP006', 'LSP04', N'Gọng kim loại titanium', N'Cái', 0, 850000, 20, N'Cái');

-- ============================================================
-- 6. PHIẾU NHẬP & LÔ HÀNG
-- ============================================================
INSERT INTO PHIEU_NHAP (MAPN, MANCC, MANS, NGAYNHAP, TONGTIEN) VALUES ('PN_S01', 'NCC01', 'NS008', SYSTIMESTAMP - 30, 0);
INSERT INTO PHIEU_NHAP (MAPN, MANCC, MANS, NGAYNHAP, TONGTIEN) VALUES ('PN_S02', 'NCC01', 'NS008', SYSTIMESTAMP - 15, 0);

INSERT INTO LO_HANG (MALO, MASP, MAPN, NGAYSANXUAT, NGAYHETHAN, SOLUONGNHAP, SOLUONGTON, GIANHAP) VALUES ('LO_S01', 'SP001', 'PN_S01', DATE '2024-06-01', DATE '2027-06-01', 100, 100, 220000);
INSERT INTO LO_HANG (MALO, MASP, MAPN, NGAYSANXUAT, NGAYHETHAN, SOLUONGNHAP, SOLUONGTON, GIANHAP) VALUES ('LO_S02', 'SP006', 'PN_S01', DATE '2024-01-10', DATE '2028-01-10', 50, 50, 560000);
INSERT INTO LO_HANG (MALO, MASP, MAPN, NGAYSANXUAT, NGAYHETHAN, SOLUONGNHAP, SOLUONGTON, GIANHAP) VALUES ('LO_S03', 'SP002', 'PN_S02', DATE '2024-08-01', DATE '2027-08-01', 60, 60, 480000);
INSERT INTO LO_HANG (MALO, MASP, MAPN, NGAYSANXUAT, NGAYHETHAN, SOLUONGNHAP, SOLUONGTON, GIANHAP) VALUES ('LO_S04', 'SP003', 'PN_S02', DATE '2024-08-01', DATE '2027-08-01', 40, 40, 350000);
INSERT INTO LO_HANG (MALO, MASP, MAPN, NGAYSANXUAT, NGAYHETHAN, SOLUONGNHAP, SOLUONGTON, GIANHAP) VALUES ('LO_S05', 'SP004', 'PN_S02', DATE '2024-09-01', DATE '2028-09-01', 80, 80, 290000);
INSERT INTO LO_HANG (MALO, MASP, MAPN, NGAYSANXUAT, NGAYHETHAN, SOLUONGNHAP, SOLUONGTON, GIANHAP) VALUES ('LO_S06', 'SP005', 'PN_S02', DATE '2024-09-15', DATE '2028-09-15', 100, 100, 240000);

-- ============================================================
-- 7. KHUYẾN MÃI
-- ============================================================
INSERT INTO KHUYEN_MAI (MAKM, TENKM, LOAI, GIA_TRI, GIAM_TOI_DA, MA_CODE, NGAY_BD, NGAY_KT, SO_LUONG, DA_DUNG, DIEU_KIEN, IS_ACTIVE) 
VALUES ('KM01', N'Ưu đãi mùa hè', N'PHANTRAM', 15, 300000, 'SUMMER25', DATE '2025-06-01', DATE '2025-08-31', 100, 45, 200000, 1);
INSERT INTO KHUYEN_MAI (MAKM, TENKM, LOAI, GIA_TRI, GIAM_TOI_DA, MA_CODE, NGAY_BD, NGAY_KT, SO_LUONG, DA_DUNG, DIEU_KIEN, IS_ACTIVE) 
VALUES ('KM02', N'Giảm 50k cho lần đầu', N'SOTIEN', 50000, NULL, 'FIRST50', DATE '2025-01-01', DATE '2025-12-31', 500, 120, 0, 1);
INSERT INTO KHUYEN_MAI (MAKM, TENKM, LOAI, GIA_TRI, GIAM_TOI_DA, MA_CODE, NGAY_BD, NGAY_KT, SO_LUONG, DA_DUNG, DIEU_KIEN, IS_ACTIVE) 
VALUES ('KM03', N'VIP giảm 20%', N'PHANTRAM', 20, 500000, 'VIP20', DATE '2025-01-01', DATE '2025-12-31', 50, 18, 1000000, 1);

-- ============================================================
-- 8. LỊCH HẸN
-- ============================================================
DECLARE
    v_malh1 VARCHAR2(20);
    v_malh2 VARCHAR2(20);
BEGIN
    BEGIN EXECUTE IMMEDIATE 'CREATE SEQUENCE SEQ_LICH_HEN START WITH 1 INCREMENT BY 1'; EXCEPTION WHEN OTHERS THEN NULL; END;
    
    v_malh1 := 'LH' || LPAD(SEQ_LICH_HEN.NEXTVAL, 6, '0');
    v_malh2 := 'LH' || LPAD(SEQ_LICH_HEN.NEXTVAL, 6, '0');

    INSERT INTO LICH_HEN (MALH, MAKH, MANS, MAGOI, NGAYHEN, GIO_HEN, LOAI_LICH, TRANGTHAI) 
    VALUES (v_malh1, 'KH001', 'NS005', 'GK01', TRUNC(SYSDATE) - 2, TRUNC(SYSDATE) - 2 + INTERVAL '14' HOUR, 'ONLINE', 'HOAN_THANH');
    INSERT INTO LICH_HEN (MALH, MAKH, MANS, MAGOI, NGAYHEN, GIO_HEN, LOAI_LICH, TRANGTHAI) 
    VALUES (v_malh2, 'KH002', 'NS005', 'GK01', TRUNC(SYSDATE) - 1, TRUNC(SYSDATE) - 1 + INTERVAL '15' HOUR, 'ONLINE', 'HOAN_THANH');
    INSERT INTO LICH_HEN_TRIEU_CHUNG (MALH, MA_TC, MO_TA_TU_DO) VALUES (v_malh1, 'TC01', N'Nhìn mờ khi đọc sách');
END;
/

-- ============================================================
-- 9. HỒ SƠ THỊ LỰC
-- ============================================================
INSERT INTO HO_SO_THI_LUC (MAHOSO, MAKH, MANS, NGAYKHAM, KETLUAN) VALUES ('HS_T11_01', 'KH001', 'NS005', TIMESTAMP '2024-11-05 09:30:00', N'Cận thị ổn định, không tăng độ.');
INSERT INTO HO_SO_THI_LUC (MAHOSO, MAKH, MANS, NGAYKHAM, KETLUAN) VALUES ('HS_T11_02', 'KH004', 'NS012', TIMESTAMP '2024-11-12 10:00:00', N'Lão thị tiến triển nhẹ.');
INSERT INTO HO_SO_THI_LUC (MAHOSO, MAKH, MANS, NGAYKHAM, KETLUAN) VALUES ('HS_T11_03', 'KH005', 'NS005', TIMESTAMP '2024-11-20 14:30:00', N'Cận thị mới phát hiện.');
INSERT INTO HO_SO_THI_LUC (MAHOSO, MAKH, MANS, NGAYKHAM, KETLUAN) VALUES ('HS_T11_04', 'KH006', 'NS012', TIMESTAMP '2024-11-28 08:45:00', N'Kiểm tra định kỳ. Bình thường.');
INSERT INTO HO_SO_THI_LUC (MAHOSO, MAKH, MANS, NGAYKHAM, KETLUAN) VALUES ('HS_T12_01', 'KH002', 'NS005', TIMESTAMP '2024-12-03 09:00:00', N'Tái khám, độ cận tăng nhẹ.');
INSERT INTO HO_SO_THI_LUC (MAHOSO, MAKH, MANS, NGAYKHAM, KETLUAN) VALUES ('HS_T12_02', 'KH007', 'NS012', TIMESTAMP '2024-12-10 10:30:00', N'Cận nặng, đề xuất kính áp tròng.');
INSERT INTO HO_SO_THI_LUC (MAHOSO, MAKH, MANS, NGAYKHAM, KETLUAN) VALUES ('HS_T12_03', 'KH003', 'NS005', TIMESTAMP '2024-12-15 14:00:00', N'Loạn thị ổn định.');
INSERT INTO HO_SO_THI_LUC (MAHOSO, MAKH, MANS, NGAYKHAM, KETLUAN) VALUES ('HS_T12_04', 'KH008', 'NS012', TIMESTAMP '2024-12-20 09:30:00', N'Kiểm tra nhãn áp định kỳ.');
INSERT INTO HO_SO_THI_LUC (MAHOSO, MAKH, MANS, NGAYKHAM, KETLUAN) VALUES ('HS_T12_05', 'KH010', 'NS005', TIMESTAMP '2024-12-27 15:00:00', N'Nhãn áp cải thiện sau điều trị.');
INSERT INTO HO_SO_THI_LUC (MAHOSO, MAKH, MANS, NGAYKHAM, KETLUAN) VALUES ('HS_T01_01', 'KH001', 'NS005', TIMESTAMP '2025-01-08 10:00:00', N'Tái khám sau 2 tháng. Ổn định.');
INSERT INTO HO_SO_THI_LUC (MAHOSO, MAKH, MANS, NGAYKHAM, KETLUAN) VALUES ('HS_T01_02', 'KH009', 'NS012', TIMESTAMP '2025-01-15 09:30:00', N'Khám lần đầu. Thị lực tốt.');
INSERT INTO HO_SO_THI_LUC (MAHOSO, MAKH, MANS, NGAYKHAM, KETLUAN) VALUES ('HS_T01_03', 'KH004', 'NS005', TIMESTAMP '2025-01-22 14:00:00', N'Lão thị ổn định, giữ nguyên đơn.');
INSERT INTO HO_SO_THI_LUC (MAHOSO, MAKH, MANS, NGAYKHAM, KETLUAN) VALUES ('HS_T01_04', 'KH006', 'NS012', TIMESTAMP '2025-01-29 11:00:00', N'Kiểm tra sau nghỉ Tết.');
INSERT INTO HO_SO_THI_LUC (MAHOSO, MAKH, MANS, NGAYKHAM, KETLUAN) VALUES ('HS_T02_01', 'KH002', 'NS005', TIMESTAMP '2025-02-10 09:00:00', N'Hậu Tết tái khám, mắt mỏi nhiều.');
INSERT INTO HO_SO_THI_LUC (MAHOSO, MAKH, MANS, NGAYKHAM, KETLUAN) VALUES ('HS_T02_02', 'KH007', 'NS012', TIMESTAMP '2025-02-18 10:00:00', N'Độ cận ổn định, đổi gọng.');
INSERT INTO HO_SO_THI_LUC (MAHOSO, MAKH, MANS, NGAYKHAM, KETLUAN) VALUES ('HS_T02_03', 'KH010', 'NS005', TIMESTAMP '2025-02-25 14:30:00', N'Nhãn áp về mức bình thường.');
INSERT INTO HO_SO_THI_LUC (MAHOSO, MAKH, MANS, NGAYKHAM, KETLUAN) VALUES ('HS_T03_01', 'KH003', 'NS005', TIMESTAMP '2025-03-05 09:30:00', N'Loạn thị tăng nhẹ. Cập nhật đơn.');
INSERT INTO HO_SO_THI_LUC (MAHOSO, MAKH, MANS, NGAYKHAM, KETLUAN) VALUES ('HS_T03_02', 'KH005', 'NS012', TIMESTAMP '2025-03-10 10:00:00', N'Cận thị tiến triển, tăng 0.25D.');
INSERT INTO HO_SO_THI_LUC (MAHOSO, MAKH, MANS, NGAYKHAM, KETLUAN) VALUES ('HS_T03_03', 'KH001', 'NS005', TIMESTAMP '2025-03-15 14:00:00', N'Khám tổng quát 6 tháng. Ổn định.');
INSERT INTO HO_SO_THI_LUC (MAHOSO, MAKH, MANS, NGAYKHAM, KETLUAN) VALUES ('HS_T03_04', 'KH008', 'NS012', TIMESTAMP '2025-03-20 09:00:00', N'OCT lần đầu. Võng mạc bình thường.');
INSERT INTO HO_SO_THI_LUC (MAHOSO, MAKH, MANS, NGAYKHAM, KETLUAN) VALUES ('HS_T03_05', 'KH009', 'NS005', TIMESTAMP '2025-03-28 15:30:00', N'Khám lại sau 2 tháng. Tốt.');
INSERT INTO HO_SO_THI_LUC (MAHOSO, MAKH, MANS, NGAYKHAM, KETLUAN) VALUES ('HS_T04_01', 'KH007', 'NS012', TIMESTAMP '2025-04-03 09:00:00', N'Cận ổn định. Tư vấn kính áp tròng.');
INSERT INTO HO_SO_THI_LUC (MAHOSO, MAKH, MANS, NGAYKHAM, KETLUAN) VALUES ('HS_T04_02', 'KH002', 'NS005', TIMESTAMP '2025-04-09 10:30:00', N'Độ cận tăng 0.5D. Đổi toa.');
INSERT INTO HO_SO_THI_LUC (MAHOSO, MAKH, MANS, NGAYKHAM, KETLUAN) VALUES ('HS_T04_03', 'KH004', 'NS012', TIMESTAMP '2025-04-16 14:00:00', N'Lão thị hai mắt, cần kính hai tròng.');
INSERT INTO HO_SO_THI_LUC (MAHOSO, MAKH, MANS, NGAYKHAM, KETLUAN) VALUES ('HS_T04_04', 'KH010', 'NS005', TIMESTAMP '2025-04-22 09:30:00', N'Nhãn áp kiểm soát tốt bằng thuốc.');
INSERT INTO HO_SO_THI_LUC (MAHOSO, MAKH, MANS, NGAYKHAM, KETLUAN) VALUES ('HS_T04_05', 'KH006', 'NS012', TIMESTAMP '2025-04-29 15:00:00', N'Khám tổng quát. Không có vấn đề.');

INSERT INTO CHI_TIET_THI_LUC (MAHOSO, MAT, DOCAU_SPH, DOTRU_CYL, TRUC_AX, KHOANGCACH_PD) VALUES ('HS_T11_01', 'R', -2.50, -0.25, 180, 31.5);
INSERT INTO CHI_TIET_THI_LUC (MAHOSO, MAT, DOCAU_SPH, DOTRU_CYL, TRUC_AX, KHOANGCACH_PD) VALUES ('HS_T11_01', 'L', -3.00, 0.00, 0, 32.0);

-- ============================================================
-- 10. PHIẾU KÊ ĐƠN & XỬ LÝ KÍNH
-- ============================================================
INSERT INTO PHIEU_KE_DON (MADON, MAHOSO, MANS, NGAYKEDON, LOIDAN) VALUES ('KD_S01', 'HS_T11_01', 'NS005', TRUNC(SYSDATE) - 2, N'Đeo thường xuyên');
INSERT INTO CT_KE_DON (MADON, MASP, SOLUONG, LIEUDUNG, CACHDUNG) VALUES ('KD_S01', 'SP001', 1, N'1 cặp', N'Lắp vào gọng');
INSERT INTO CT_KE_DON (MADON, MASP, SOLUONG, LIEUDUNG, CACHDUNG) VALUES ('KD_S01', 'SP006', 1, N'1 gọng', N'Chọn vừa mặt');

INSERT INTO XU_LY_KINH (MAXL, MADON, THONG_SO_KINH, TRANG_THAI, NGAY_BAT_DAU, NGAY_HOAN_THANH, MANS_KY_THUAT, GHI_CHU)
VALUES ('XL_S01', 'KD_S01', '{"sph_r": -2.50, "cyl_r": -0.25, "ax_r": 180, "sph_l": -3.00, "pd": 63.5}', N'HOAN_THANH', SYSTIMESTAMP - 2, SYSTIMESTAMP - 1, 'NS006', N'Đã mài xong');

-- ============================================================
-- 11. HÓA ĐƠN & CHI TIẾT
-- ============================================================
-- Hóa đơn 1 - Tháng 11/2024
INSERT INTO HOA_DON (MAHD, MAKH, MANS, MAHOSO, MADON, NGAYLAP, TONGTIEN, TRANGTHAI, IS_DELETED) 
VALUES ('HD_S01', 'KH001', 'NS010', 'HS_T11_01', 'KD_S01', TIMESTAMP '2024-11-05 10:00:00', 0, 'DA_THANH_TOAN', 0);

INSERT INTO CT_HOA_DON_DV (MAHD, MADV, SOLUONG, DONGIA) VALUES ('HD_S01', 'DV01', 1, 150000);
INSERT INTO CT_HOA_DON_DV (MAHD, MADV, SOLUONG, DONGIA) VALUES ('HD_S01', 'DV06', 1, 200000);
INSERT INTO CT_HOA_DON (MAHD, MALO, MASP, SOLUONG, DONGIA) VALUES ('HD_S01', 'LO_S01', 'SP001', 1, 350000);
INSERT INTO CT_HOA_DON (MAHD, MALO, MASP, SOLUONG, DONGIA) VALUES ('HD_S01', 'LO_S02', 'SP006', 1, 850000);

-- Hóa đơn 2 - Tháng 12/2024
INSERT INTO HOA_DON (MAHD, MAKH, MANS, MAHOSO, NGAYLAP, TONGTIEN, TRANGTHAI, IS_DELETED) 
VALUES ('HD_S02', 'KH002', 'NS010', 'HS_T12_01', TIMESTAMP '2024-12-03 09:30:00', 0, 'DA_THANH_TOAN', 0);

INSERT INTO CT_HOA_DON_DV (MAHD, MADV, SOLUONG, DONGIA) VALUES ('HD_S02', 'DV01', 1, 150000);
INSERT INTO CT_HOA_DON_DV (MAHD, MADV, SOLUONG, DONGIA) VALUES ('HD_S02', 'DV02', 1, 80000);

-- Hóa đơn 3 - Tháng 01/2025
INSERT INTO HOA_DON (MAHD, MAKH, MANS, MAHOSO, NGAYLAP, TONGTIEN, TRANGTHAI, IS_DELETED) 
VALUES ('HD_S03', 'KH003', 'NS010', 'HS_T12_03', TIMESTAMP '2025-01-15 10:00:00', 0, 'DA_THANH_TOAN', 0);

INSERT INTO CT_HOA_DON_DV (MAHD, MADV, SOLUONG, DONGIA) VALUES ('HD_S03', 'DV01', 1, 150000);
INSERT INTO CT_HOA_DON_DV (MAHD, MADV, SOLUONG, DONGIA) VALUES ('HD_S03', 'DV03', 1, 250000);
INSERT INTO CT_HOA_DON (MAHD, MALO, MASP, SOLUONG, DONGIA) VALUES ('HD_S03', 'LO_S05', 'SP004', 1, 450000);

-- Hóa đơn 4 - Tháng 02/2025
INSERT INTO HOA_DON (MAHD, MAKH, MANS, MAHOSO, NGAYLAP, TONGTIEN, TRANGTHAI, IS_DELETED) 
VALUES ('HD_S04', 'KH005', 'NS010', 'HS_T12_03', TIMESTAMP '2025-02-10 09:30:00', 0, 'DA_THANH_TOAN', 0);

INSERT INTO CT_HOA_DON_DV (MAHD, MADV, SOLUONG, DONGIA) VALUES ('HD_S04', 'DV01', 1, 150000);
INSERT INTO CT_HOA_DON_DV (MAHD, MADV, SOLUONG, DONGIA) VALUES ('HD_S04', 'DV04', 1, 120000);
INSERT INTO CT_HOA_DON (MAHD, MALO, MASP, SOLUONG, DONGIA) VALUES ('HD_S04', 'LO_S03', 'SP002', 1, 750000);

-- Hóa đơn 5 - Tháng 03/2025
INSERT INTO HOA_DON (MAHD, MAKH, MANS, MAHOSO, NGAYLAP, TONGTIEN, TRANGTHAI, IS_DELETED) 
VALUES ('HD_S05', 'KH008', 'NS010', 'HS_T03_04', TIMESTAMP '2025-03-20 09:30:00', 0, 'DA_THANH_TOAN', 0);

INSERT INTO CT_HOA_DON_DV (MAHD, MADV, SOLUONG, DONGIA) VALUES ('HD_S05', 'DV01', 1, 150000);
INSERT INTO CT_HOA_DON_DV (MAHD, MADV, SOLUONG, DONGIA) VALUES ('HD_S05', 'DV05', 1, 450000);
INSERT INTO CT_HOA_DON (MAHD, MALO, MASP, SOLUONG, DONGIA) VALUES ('HD_S05', 'LO_S06', 'SP005', 1, 380000);

-- ============================================================
-- 12. THANH TOÁN
-- ============================================================
INSERT INTO THANH_TOAN (MATT, MAHD, MANS, NGAYTHANHTOAN, SOTIEN, PHUONGTHUC, TRANGTHAI, GHICHU) 
VALUES ('TT_S01', 'HD_S01', 'NS010', TIMESTAMP '2024-11-05 10:05:00', 1550000, 'TIEN_MAT', 'HOAN_THANH', NULL);

INSERT INTO THANH_TOAN (MATT, MAHD, MANS, NGAYTHANHTOAN, SOTIEN, PHUONGTHUC, TRANGTHAI, GHICHU) 
VALUES ('TT_S02', 'HD_S02', 'NS010', TIMESTAMP '2024-12-03 09:35:00', 230000, 'CHUYEN_KHOAN', 'HOAN_THANH', NULL);

INSERT INTO THANH_TOAN (MATT, MAHD, MANS, NGAYTHANHTOAN, SOTIEN, PHUONGTHUC, TRANGTHAI, GHICHU) 
VALUES ('TT_S03', 'HD_S03', 'NS010', TIMESTAMP '2025-01-15 10:05:00', 850000, 'THE_TIN_DUNG', 'HOAN_THANH', NULL);

INSERT INTO THANH_TOAN (MATT, MAHD, MANS, NGAYTHANHTOAN, SOTIEN, PHUONGTHUC, TRANGTHAI, GHICHU) 
VALUES ('TT_S04', 'HD_S04', 'NS010', TIMESTAMP '2025-02-10 09:35:00', 1020000, 'CHUYEN_KHOAN', 'HOAN_THANH', NULL);

INSERT INTO THANH_TOAN (MATT, MAHD, MANS, NGAYTHANHTOAN, SOTIEN, PHUONGTHUC, TRANGTHAI, GHICHU) 
VALUES ('TT_S05', 'HD_S05', 'NS010', TIMESTAMP '2025-03-20 09:35:00', 980000, 'TIEN_MAT', 'HOAN_THANH', NULL);

-- ============================================================
-- 13. ĐÁNH GIÁ
-- ============================================================
INSERT INTO DANH_GIA (MADG, MAHOSO, MAKH, MANS, SO_SAO, NOI_DUNG, NGAY_DG, IS_HIDDEN) 
VALUES ('DG_S01', 'HS_T11_01', 'KH001', 'NS005', 5, N'Bác sĩ tận tâm!', SYSTIMESTAMP, 0);

-- ============================================================
-- 14. TÍNH LẠI TỔNG TIỀN
-- ============================================================
UPDATE HOA_DON hd
SET hd.TONGTIEN = (
    NVL((SELECT SUM(SOLUONG * DONGIA) FROM CT_HOA_DON WHERE MAHD = hd.MAHD), 0) +
    NVL((SELECT SUM(SOLUONG * DONGIA) FROM CT_HOA_DON_DV WHERE MAHD = hd.MAHD), 0)
);

-- Cập nhật tổng tiền phiếu nhập
UPDATE PHIEU_NHAP pn
SET pn.TONGTIEN = (
    SELECT SUM(SOLUONGNHAP * GIANHAP) FROM LO_HANG WHERE MAPN = pn.MAPN
);

-- Đồng bộ tồn kho sau khi bán
MERGE INTO LO_HANG lh
USING (
    SELECT MALO, SUM(SOLUONG) AS SOLD_QTY
    FROM CT_HOA_DON
    GROUP BY MALO
) sold ON (lh.MALO = sold.MALO)
WHEN MATCHED THEN UPDATE SET lh.SOLUONGTON = lh.SOLUONGNHAP - sold.SOLD_QTY;

-- Đồng bộ SOLUONGTON NULL thành SOLUONGNHAP
UPDATE LO_HANG SET SOLUONGTON = SOLUONGNHAP WHERE SOLUONGTON IS NULL;

-- ============================================================
-- 15. SỬA LỖI TRẠNG THÁI
-- ============================================================
UPDATE LICH_HEN SET TRANGTHAI = N'HOAN_THANH' WHERE TRANGTHAI LIKE N'%Hoàn thành%' OR TRANGTHAI LIKE N'%khám%';
UPDATE LICH_HEN SET TRANGTHAI = N'DA_HUY' WHERE TRANGTHAI LIKE N'%hủy%';
UPDATE LICH_HEN SET TRANGTHAI = N'CHO_XAC_NHAN' WHERE TRANGTHAI LIKE N'%xác%';
UPDATE LICH_HEN SET TRANGTHAI = N'DA_CHECKIN' WHERE TRANGTHAI LIKE N'%check%';

COMMIT;

-- ============================================================
-- 16. KIỂM TRA KẾT QUẢ
-- ============================================================
SELECT 'TỔNG SỐ HÓA ĐƠN: ' || COUNT(*) FROM HOA_DON
UNION ALL
SELECT 'TỔNG DOANH THU: ' || TO_CHAR(SUM(SOTIEN), '999,999,999') FROM THANH_TOAN WHERE TRANGTHAI = 'HOAN_THANH'
UNION ALL
SELECT 'SỐ LƯỢNG KHÁCH HÀNG: ' || COUNT(*) FROM KHACH_HANG WHERE IS_DELETED = 0;