-- ============================================================
-- SCRIPT SEED DATA TOÀN DIỆN - HỆ THỐNG QUẢN LÝ PHÒNG KHÁM MẮT VISION CARE
-- Phủ hết: NHOM, VAITRO, TAI_KHOAN, NHAN_SU, KHACH_HANG, SAN_PHAM,
--          NHA_CUNG_CAP, PHIEU_NHAP, LO_HANG, LICH_LAM_VIEC, LICH_HEN,
--          HO_SO_THI_LUC, PHIEU_KE_DON, CT_KE_DON, XU_LY_KINH,
--          HOA_DON, CT_HOA_DON, CT_HOA_DON_DV, THANH_TOAN,
--          KHUYEN_MAI, KH_KHUYEN_MAI, DANH_GIA, LICH_SU_DIEM,
--          GIAO_DICH_NCC, TRIEU_CHUNG, LICH_HEN_TRIEU_CHUNG,
--          CHI_TIET_KY_THUAT, GOI_KHAM, DICH_VU_KHAM, CT_GOI_KHAM
-- ============================================================

-- ============================================================
-- BƯỚC 0: TẮT TRIGGER ĐỂ XÓA + INSERT THOẢI MÁI
-- ============================================================
BEGIN
    FOR trg IN (SELECT trigger_name FROM user_triggers) LOOP
        EXECUTE IMMEDIATE 'ALTER TRIGGER ' || trg.trigger_name || ' DISABLE';
    END LOOP;
END;
/

-- ============================================================
-- 1. XÓA DỮ LIỆU CŨ (theo thứ tự FK)
-- ============================================================
DELETE FROM AUDIT_HOSO_THILUC;
DELETE FROM LICH_SU_DIEM;
DELETE FROM LICH_SU_GIA;
DELETE FROM DANH_GIA;
DELETE FROM KH_KHUYEN_MAI;
DELETE FROM THANH_TOAN;
DELETE FROM CT_HOA_DON_DV;
DELETE FROM CT_HOA_DON;
DELETE FROM HOA_DON;
DELETE FROM XU_LY_KINH;
DELETE FROM CT_KE_DON;
DELETE FROM PHIEU_KE_DON;
DELETE FROM LICH_HEN_TRIEU_CHUNG;
DELETE FROM CHI_TIET_THI_LUC;
DELETE FROM HO_SO_THI_LUC;
DELETE FROM HANG_CHO;
DELETE FROM LICH_HEN;
DELETE FROM LICH_LAM_VIEC;
DELETE FROM CHI_TIET_KY_THUAT;
DELETE FROM LO_HANG;
DELETE FROM PHIEU_NHAP;
DELETE FROM GIAO_DICH_NCC;
DELETE FROM CT_GOI_KHAM;
DELETE FROM GOI_KHAM;
DELETE FROM DICH_VU_KHAM;
DELETE FROM TRIEU_CHUNG;
DELETE FROM SAN_PHAM;
DELETE FROM LOAI_SAN_PHAM;
DELETE FROM NHA_CUNG_CAP;
DELETE FROM KHUYEN_MAI;
DELETE FROM NHOM_VAITRO;
DELETE FROM VAITRO;
DELETE FROM NHAN_SU;
DELETE FROM KHACH_HANG;
DELETE FROM TAIKHOAN_NHOM;
DELETE FROM TAI_KHOAN;
DELETE FROM NHOM;
DELETE FROM CHUC_VU;
DELETE FROM token_blacklist;
COMMIT;

-- ============================================================
-- BƯỚC 1.5: BẬT LẠI TRIGGER
-- ============================================================
BEGIN
    FOR trg IN (SELECT trigger_name FROM user_triggers) LOOP
        EXECUTE IMMEDIATE 'ALTER TRIGGER ' || trg.trigger_name || ' ENABLE';
        BEGIN EXECUTE IMMEDIATE 'ALTER TRIGGER ' || trg.trigger_name || ' COMPILE'; EXCEPTION WHEN OTHERS THEN NULL; END;
    END LOOP;
END;
/

-- ============================================================
-- 2. DANH MỤC CƠ BẢN: CHỨC VỤ, NHÓM, VAI TRÒ
-- ============================================================
INSERT INTO CHUC_VU (MACV, TENCV) VALUES ('CV06', N'Bác sĩ');
INSERT INTO CHUC_VU (MACV, TENCV) VALUES ('CV07', N'Kỹ thuật viên mắt kính');
INSERT INTO CHUC_VU (MACV, TENCV) VALUES ('CV08', N'Thu ngân');
INSERT INTO CHUC_VU (MACV, TENCV) VALUES ('CV09', N'Thủ kho');
INSERT INTO CHUC_VU (MACV, TENCV) VALUES ('CV10', N'Quản lý');
INSERT INTO CHUC_VU (MACV, TENCV) VALUES ('CV11', N'Lễ tân');

INSERT INTO NHOM (MANHOM, TENNHOM, MOTA) VALUES ('BAC_SI',   N'Nhóm Bác sĩ',           N'Khám bệnh, kê đơn, lập hồ sơ thị lực');
INSERT INTO NHOM (MANHOM, TENNHOM, MOTA) VALUES ('THU_NGAN', N'Nhóm Thu ngân',          N'Lập hóa đơn, thanh toán');
INSERT INTO NHOM (MANHOM, TENNHOM, MOTA) VALUES ('THU_KHO',  N'Nhóm Thủ kho',           N'Quản lý kho hàng, nhập xuất');
INSERT INTO NHOM (MANHOM, TENNHOM, MOTA) VALUES ('ADMIN',    N'Nhóm Quản lý',           N'Quản trị toàn hệ thống');
INSERT INTO NHOM (MANHOM, TENNHOM, MOTA) VALUES ('KY_THUAT', N'Nhóm Kỹ thuật viên',     N'Mài lắp kính, xử lý đơn');
INSERT INTO NHOM (MANHOM, TENNHOM, MOTA) VALUES ('LE_TAN',   N'Nhóm Lễ tân',            N'Tiếp nhận, đặt lịch hẹn');
INSERT INTO NHOM (MANHOM, TENNHOM, MOTA) VALUES ('CUSTOMER', N'Nhóm Khách hàng',        N'Đặt lịch online, xem hồ sơ');

-- Vai trò (dùng cho Spring Security)
INSERT INTO VAITRO (MAVAITRO, TENVAITRO, MOTA) VALUES ('ROLE_ADMIN',    N'Quản trị viên',        N'Toàn quyền hệ thống');
INSERT INTO VAITRO (MAVAITRO, TENVAITRO, MOTA) VALUES ('ROLE_BAC_SI',   N'Bác sĩ',               N'Khám bệnh kê đơn');
INSERT INTO VAITRO (MAVAITRO, TENVAITRO, MOTA) VALUES ('ROLE_THU_NGAN', N'Thu ngân',              N'Thanh toán hóa đơn');
INSERT INTO VAITRO (MAVAITRO, TENVAITRO, MOTA) VALUES ('ROLE_THU_KHO',  N'Thủ kho',              N'Quản lý kho');
INSERT INTO VAITRO (MAVAITRO, TENVAITRO, MOTA) VALUES ('ROLE_KY_THUAT', N'Kỹ thuật viên',        N'Mài lắp kính');
INSERT INTO VAITRO (MAVAITRO, TENVAITRO, MOTA) VALUES ('ROLE_LE_TAN',   N'Lễ tân',               N'Tiếp nhận khách');
INSERT INTO VAITRO (MAVAITRO, TENVAITRO, MOTA) VALUES ('ROLE_CUSTOMER', N'Khách hàng',           N'Đặt lịch, xem hồ sơ');

-- Gán vai trò cho nhóm
INSERT INTO NHOM_VAITRO (MANHOM, MAVAITRO) VALUES ('ADMIN',    'ROLE_ADMIN');
INSERT INTO NHOM_VAITRO (MANHOM, MAVAITRO) VALUES ('BAC_SI',   'ROLE_BAC_SI');
INSERT INTO NHOM_VAITRO (MANHOM, MAVAITRO) VALUES ('THU_NGAN', 'ROLE_THU_NGAN');
INSERT INTO NHOM_VAITRO (MANHOM, MAVAITRO) VALUES ('THU_KHO',  'ROLE_THU_KHO');
INSERT INTO NHOM_VAITRO (MANHOM, MAVAITRO) VALUES ('KY_THUAT', 'ROLE_KY_THUAT');
INSERT INTO NHOM_VAITRO (MANHOM, MAVAITRO) VALUES ('LE_TAN',   'ROLE_LE_TAN');
INSERT INTO NHOM_VAITRO (MANHOM, MAVAITRO) VALUES ('CUSTOMER', 'ROLE_CUSTOMER');

-- ============================================================
-- 3. TÀI KHOẢN (password = 123456 bcrypt)
-- ============================================================
-- Nhân viên
INSERT INTO TAI_KHOAN (MATK, USERNAME, PASSWORD, LOAI_TK, TRANGTHAI) VALUES ('TK001', 'admin1',   '$2a$10$8.UnVuG9HHgffUDAlk8qfOuVGkqRzgVymGe07xd00DM99I1YvI8Y6', 'INTERNAL', 1);
INSERT INTO TAI_KHOAN (MATK, USERNAME, PASSWORD, LOAI_TK, TRANGTHAI) VALUES ('TK005', 'thukho1',  '$2a$10$8.UnVuG9HHgffUDAlk8qfOuVGkqRzgVymGe07xd00DM99I1YvI8Y6', 'INTERNAL', 1);
INSERT INTO TAI_KHOAN (MATK, USERNAME, PASSWORD, LOAI_TK, TRANGTHAI) VALUES ('TK006', 'kythuat1', '$2a$10$8.UnVuG9HHgffUDAlk8qfOuVGkqRzgVymGe07xd00DM99I1YvI8Y6', 'INTERNAL', 1);
INSERT INTO TAI_KHOAN (MATK, USERNAME, PASSWORD, LOAI_TK, TRANGTHAI) VALUES ('TK008', 'bacsi2',   '$2a$10$8.UnVuG9HHgffUDAlk8qfOuVGkqRzgVymGe07xd00DM99I1YvI8Y6', 'INTERNAL', 1);
INSERT INTO TAI_KHOAN (MATK, USERNAME, PASSWORD, LOAI_TK, TRANGTHAI) VALUES ('TK009', 'kythuat2', '$2a$10$8.UnVuG9HHgffUDAlk8qfOuVGkqRzgVymGe07xd00DM99I1YvI8Y6', 'INTERNAL', 1);
INSERT INTO TAI_KHOAN (MATK, USERNAME, PASSWORD, LOAI_TK, TRANGTHAI) VALUES ('TK010', 'thukho2',  '$2a$10$8.UnVuG9HHgffUDAlk8qfOuVGkqRzgVymGe07xd00DM99I1YvI8Y6', 'INTERNAL', 1);
INSERT INTO TAI_KHOAN (MATK, USERNAME, PASSWORD, LOAI_TK, TRANGTHAI) VALUES ('TK014', 'thungan1', '$2a$10$8.UnVuG9HHgffUDAlk8qfOuVGkqRzgVymGe07xd00DM99I1YvI8Y6', 'INTERNAL', 1);
INSERT INTO TAI_KHOAN (MATK, USERNAME, PASSWORD, LOAI_TK, TRANGTHAI) VALUES ('TK015', 'letan1',   '$2a$10$8.UnVuG9HHgffUDAlk8qfOuVGkqRzgVymGe07xd00DM99I1YvI8Y6', 'INTERNAL', 1);
INSERT INTO TAI_KHOAN (MATK, USERNAME, PASSWORD, LOAI_TK, TRANGTHAI) VALUES ('TK016', 'bacsi3',   '$2a$10$8.UnVuG9HHgffUDAlk8qfOuVGkqRzgVymGe07xd00DM99I1YvI8Y6', 'INTERNAL', 1);
INSERT INTO TAI_KHOAN (MATK, USERNAME, PASSWORD, LOAI_TK, TRANGTHAI) VALUES ('TK021', 'thungan2', '$2a$10$8.UnVuG9HHgffUDAlk8qfOuVGkqRzgVymGe07xd00DM99I1YvI8Y6', 'INTERNAL', 1);
INSERT INTO TAI_KHOAN (MATK, USERNAME, PASSWORD, LOAI_TK, TRANGTHAI) VALUES ('TK022', 'letan2',   '$2a$10$8.UnVuG9HHgffUDAlk8qfOuVGkqRzgVymGe07xd00DM99I1YvI8Y6', 'INTERNAL', 1);
-- Khách hàng
INSERT INTO TAI_KHOAN (MATK, USERNAME, PASSWORD, LOAI_TK, TRANGTHAI) VALUES ('TK011', 'kh002',    '$2a$10$8.UnVuG9HHgffUDAlk8qfOuVGkqRzgVymGe07xd00DM99I1YvI8Y6', 'EXTERNAL', 1);
INSERT INTO TAI_KHOAN (MATK, USERNAME, PASSWORD, LOAI_TK, TRANGTHAI) VALUES ('TK012', 'kh003',    '$2a$10$8.UnVuG9HHgffUDAlk8qfOuVGkqRzgVymGe07xd00DM99I1YvI8Y6', 'EXTERNAL', 1);
INSERT INTO TAI_KHOAN (MATK, USERNAME, PASSWORD, LOAI_TK, TRANGTHAI) VALUES ('TK013', 'kh004',    '$2a$10$8.UnVuG9HHgffUDAlk8qfOuVGkqRzgVymGe07xd00DM99I1YvI8Y6', 'EXTERNAL', 1);
INSERT INTO TAI_KHOAN (MATK, USERNAME, PASSWORD, LOAI_TK, TRANGTHAI) VALUES ('TK017', 'kh007',    '$2a$10$8.UnVuG9HHgffUDAlk8qfOuVGkqRzgVymGe07xd00DM99I1YvI8Y6', 'EXTERNAL', 1);
INSERT INTO TAI_KHOAN (MATK, USERNAME, PASSWORD, LOAI_TK, TRANGTHAI) VALUES ('TK018', 'kh008',    '$2a$10$8.UnVuG9HHgffUDAlk8qfOuVGkqRzgVymGe07xd00DM99I1YvI8Y6', 'EXTERNAL', 1);
INSERT INTO TAI_KHOAN (MATK, USERNAME, PASSWORD, LOAI_TK, TRANGTHAI) VALUES ('TK019', 'kh009',    '$2a$10$8.UnVuG9HHgffUDAlk8qfOuVGkqRzgVymGe07xd00DM99I1YvI8Y6', 'EXTERNAL', 1);
INSERT INTO TAI_KHOAN (MATK, USERNAME, PASSWORD, LOAI_TK, TRANGTHAI) VALUES ('TK020', 'kh010',    '$2a$10$8.UnVuG9HHgffUDAlk8qfOuVGkqRzgVymGe07xd00DM99I1YvI8Y6', 'EXTERNAL', 1);
INSERT INTO TAI_KHOAN (MATK, USERNAME, PASSWORD, LOAI_TK, TRANGTHAI) VALUES ('TK023', 'kh011',    '$2a$10$8.UnVuG9HHgffUDAlk8qfOuVGkqRzgVymGe07xd00DM99I1YvI8Y6', 'EXTERNAL', 1);
INSERT INTO TAI_KHOAN (MATK, USERNAME, PASSWORD, LOAI_TK, TRANGTHAI) VALUES ('TK024', 'kh012',    '$2a$10$8.UnVuG9HHgffUDAlk8qfOuVGkqRzgVymGe07xd00DM99I1YvI8Y6', 'EXTERNAL', 1);
INSERT INTO TAI_KHOAN (MATK, USERNAME, PASSWORD, LOAI_TK, TRANGTHAI) VALUES ('TK025', 'kh013',    '$2a$10$8.UnVuG9HHgffUDAlk8qfOuVGkqRzgVymGe07xd00DM99I1YvI8Y6', 'EXTERNAL', 1);

-- Gán tài khoản vào nhóm
INSERT INTO TAIKHOAN_NHOM (MATK, MANHOM) VALUES ('TK001', 'ADMIN');
INSERT INTO TAIKHOAN_NHOM (MATK, MANHOM) VALUES ('TK005', 'THU_KHO');
INSERT INTO TAIKHOAN_NHOM (MATK, MANHOM) VALUES ('TK006', 'KY_THUAT');
INSERT INTO TAIKHOAN_NHOM (MATK, MANHOM) VALUES ('TK008', 'BAC_SI');
INSERT INTO TAIKHOAN_NHOM (MATK, MANHOM) VALUES ('TK009', 'KY_THUAT');
INSERT INTO TAIKHOAN_NHOM (MATK, MANHOM) VALUES ('TK010', 'THU_KHO');
INSERT INTO TAIKHOAN_NHOM (MATK, MANHOM) VALUES ('TK014', 'THU_NGAN');
INSERT INTO TAIKHOAN_NHOM (MATK, MANHOM) VALUES ('TK015', 'LE_TAN');
INSERT INTO TAIKHOAN_NHOM (MATK, MANHOM) VALUES ('TK016', 'BAC_SI');
INSERT INTO TAIKHOAN_NHOM (MATK, MANHOM) VALUES ('TK021', 'THU_NGAN');
INSERT INTO TAIKHOAN_NHOM (MATK, MANHOM) VALUES ('TK022', 'LE_TAN');
INSERT INTO TAIKHOAN_NHOM (MATK, MANHOM) VALUES ('TK011', 'CUSTOMER');
INSERT INTO TAIKHOAN_NHOM (MATK, MANHOM) VALUES ('TK012', 'CUSTOMER');
INSERT INTO TAIKHOAN_NHOM (MATK, MANHOM) VALUES ('TK013', 'CUSTOMER');
INSERT INTO TAIKHOAN_NHOM (MATK, MANHOM) VALUES ('TK017', 'CUSTOMER');
INSERT INTO TAIKHOAN_NHOM (MATK, MANHOM) VALUES ('TK018', 'CUSTOMER');
INSERT INTO TAIKHOAN_NHOM (MATK, MANHOM) VALUES ('TK019', 'CUSTOMER');
INSERT INTO TAIKHOAN_NHOM (MATK, MANHOM) VALUES ('TK020', 'CUSTOMER');
INSERT INTO TAIKHOAN_NHOM (MATK, MANHOM) VALUES ('TK023', 'CUSTOMER');
INSERT INTO TAIKHOAN_NHOM (MATK, MANHOM) VALUES ('TK024', 'CUSTOMER');
INSERT INTO TAIKHOAN_NHOM (MATK, MANHOM) VALUES ('TK025', 'CUSTOMER');

-- ============================================================
-- 4. NHÂN SỰ (11 người, đủ các chức vụ)
-- ============================================================
INSERT INTO NHAN_SU (MANS, MATK, MACV, CCCD, HOTEN, NGAYSINH, SDT, GIOITINH, CHUYENKHOA, DIACHI, IS_DELETED) VALUES ('NS001', 'TK001', 'CV10', '079085001001', N'Sếp Tổng Vision Care',   DATE '1985-10-20', '0999999999', N'Nam', NULL,                       N'Q.1, TP.HCM', 0);
INSERT INTO NHAN_SU (MANS, MATK, MACV, CCCD, HOTEN, NGAYSINH, SDT, GIOITINH, CHUYENKHOA, DIACHI, IS_DELETED) VALUES ('NS005', 'TK008', 'CV06', '079088003015', N'Nguyễn Thị Hương',       DATE '1988-03-15', '0912345678', N'Nữ',  N'Nhãn khoa nhi',           N'Q.3, TP.HCM', 0);
INSERT INTO NHAN_SU (MANS, MATK, MACV, CCCD, HOTEN, NGAYSINH, SDT, GIOITINH, CHUYENKHOA, DIACHI, IS_DELETED) VALUES ('NS006', 'TK006', 'CV07', '079095007020', N'Đỗ Minh Quân',           DATE '1995-07-20', '0923456789', N'Nam', NULL,                       N'Q.Tân Bình, TP.HCM', 0);
INSERT INTO NHAN_SU (MANS, MATK, MACV, CCCD, HOTEN, NGAYSINH, SDT, GIOITINH, CHUYENKHOA, DIACHI, IS_DELETED) VALUES ('NS007', 'TK009', 'CV07', '079097011005', N'Lê Thị Bảo Châu',        DATE '1997-11-05', '0934567890', N'Nữ',  NULL,                       N'Q.Bình Thạnh, TP.HCM', 0);
INSERT INTO NHAN_SU (MANS, MATK, MACV, CCCD, HOTEN, NGAYSINH, SDT, GIOITINH, CHUYENKHOA, DIACHI, IS_DELETED) VALUES ('NS008', 'TK005', 'CV09', '079090004010', N'Vũ Đức Mạnh',            DATE '1990-04-10', '0945678901', N'Nam', NULL,                       N'Q.7, TP.HCM', 0);
INSERT INTO NHAN_SU (MANS, MATK, MACV, CCCD, HOTEN, NGAYSINH, SDT, GIOITINH, CHUYENKHOA, DIACHI, IS_DELETED) VALUES ('NS009', 'TK010', 'CV09', '079093008022', N'Hoàng Thị Lan',           DATE '1993-08-22', '0956789012', N'Nữ',  NULL,                       N'Q.Phú Nhuận, TP.HCM', 0);
INSERT INTO NHAN_SU (MANS, MATK, MACV, CCCD, HOTEN, NGAYSINH, SDT, GIOITINH, CHUYENKHOA, DIACHI, IS_DELETED) VALUES ('NS010', 'TK014', 'CV08', '079092012030', N'Trần Quốc Bảo',           DATE '1992-12-30', '0967890123', N'Nam', NULL,                       N'Q.Gò Vấp, TP.HCM', 0);
INSERT INTO NHAN_SU (MANS, MATK, MACV, CCCD, HOTEN, NGAYSINH, SDT, GIOITINH, CHUYENKHOA, DIACHI, IS_DELETED) VALUES ('NS011', 'TK015', 'CV11', '079098005015', N'Phạm Thị Lệ',             DATE '1998-05-15', '0987654321', N'Nữ',  NULL,                       N'Q.10, TP.HCM', 0);
INSERT INTO NHAN_SU (MANS, MATK, MACV, CCCD, HOTEN, NGAYSINH, SDT, GIOITINH, CHUYENKHOA, DIACHI, IS_DELETED) VALUES ('NS012', 'TK016', 'CV06', '079082006010', N'Trần Minh Khoa',          DATE '1982-06-10', '0978123456', N'Nam', N'Nhãn khoa người lớn',      N'Q.1, TP.HCM', 0);
INSERT INTO NHAN_SU (MANS, MATK, MACV, CCCD, HOTEN, NGAYSINH, SDT, GIOITINH, CHUYENKHOA, DIACHI, IS_DELETED) VALUES ('NS013', 'TK021', 'CV08', '079094002018', N'Lê Thị Thanh Thủy',       DATE '1994-02-18', '0978111222', N'Nữ',  NULL,                       N'Q.Tân Phú, TP.HCM', 0);
INSERT INTO NHAN_SU (MANS, MATK, MACV, CCCD, HOTEN, NGAYSINH, SDT, GIOITINH, CHUYENKHOA, DIACHI, IS_DELETED) VALUES ('NS014', 'TK022', 'CV11', '079099009025', N'Nguyễn Minh Tuấn',        DATE '1999-09-25', '0978333444', N'Nam', NULL,                       N'Q.2, TP.HCM', 0);

-- Chi tiết kỹ thuật viên
INSERT INTO CHI_TIET_KY_THUAT (MANS, CHUYEN_NGANH, CHUNG_CHI_HANH_NGHE, NAM_CAP_CHUNG_CHI, NOI_CAP, KINH_NGHIEM_NAM, GHI_CHU) VALUES ('NS006', N'Mài cắt tròng kính',      N'CC-KTV-2019-001', 2019, N'Sở Y tế TP.HCM',  6, N'Chuyên gia mài tròng đa tròng');
INSERT INTO CHI_TIET_KY_THUAT (MANS, CHUYEN_NGANH, CHUNG_CHI_HANH_NGHE, NAM_CAP_CHUNG_CHI, NOI_CAP, KINH_NGHIEM_NAM, GHI_CHU) VALUES ('NS007', N'Lắp ráp gọng kính',       N'CC-KTV-2021-015', 2021, N'Sở Y tế TP.HCM',  4, N'Thành thạo kính không gọng');

-- ============================================================
-- 5. KHÁCH HÀNG (13 người, đa dạng)
-- ============================================================
INSERT INTO KHACH_HANG (MAKH, MATK, CCCD, HOTEN, NGAYSINH, SDT, GIOITINH, DIACHI, DIEMTICHLUY, IS_DELETED) VALUES ('KH001', NULL,   '079090001001', N'Khách Hàng Walk-in',    DATE '1990-01-01', '0901001001', N'Nam', N'Q.1, TP.HCM',                     100, 0);
INSERT INTO KHACH_HANG (MAKH, MATK, CCCD, HOTEN, NGAYSINH, SDT, GIOITINH, DIACHI, DIEMTICHLUY, IS_DELETED) VALUES ('KH002', 'TK011', '079090005012', N'Nguyễn Văn An',         DATE '1990-05-12', '0911111111', N'Nam', N'123 Nguyễn Trãi, Q.1, TP.HCM',    50,  0);
INSERT INTO KHACH_HANG (MAKH, MATK, CCCD, HOTEN, NGAYSINH, SDT, GIOITINH, DIACHI, DIEMTICHLUY, IS_DELETED) VALUES ('KH003', 'TK012', '079095009020', N'Trần Thị Bích',         DATE '1995-09-20', '0922222222', N'Nữ',  N'45 Lê Lợi, Q.3, TP.HCM',          0,  0);
INSERT INTO KHACH_HANG (MAKH, MATK, CCCD, HOTEN, NGAYSINH, SDT, GIOITINH, DIACHI, DIEMTICHLUY, IS_DELETED) VALUES ('KH004', 'TK013', '079085002028', N'Phạm Hoàng Long',       DATE '1985-02-28', '0933333333', N'Nam', N'78 Hai Bà Trưng, Q.Bình Thạnh',   200, 0);
INSERT INTO KHACH_HANG (MAKH, MATK, CCCD, HOTEN, NGAYSINH, SDT, GIOITINH, DIACHI, DIEMTICHLUY, IS_DELETED) VALUES ('KH005', NULL,   '079200007004', N'Lê Ngọc Hân',           DATE '2000-07-04', '0944444444', N'Nữ',  N'99 CMT8, Q.10, TP.HCM',           0,  0);
INSERT INTO KHACH_HANG (MAKH, MATK, CCCD, HOTEN, NGAYSINH, SDT, GIOITINH, DIACHI, DIEMTICHLUY, IS_DELETED) VALUES ('KH006', NULL,   '079078011015', N'Võ Thành Tâm',          DATE '1978-11-15', '0955555555', N'Nam', N'Thủ Đức, TP.HCM',                 0,  0);
INSERT INTO KHACH_HANG (MAKH, MATK, CCCD, HOTEN, NGAYSINH, SDT, GIOITINH, DIACHI, DIEMTICHLUY, IS_DELETED) VALUES ('KH007', 'TK017', '079092003018', N'Bùi Thị Cẩm',          DATE '1992-03-18', '0966001001', N'Nữ',  N'Q.Gò Vấp, TP.HCM',               320, 0);
INSERT INTO KHACH_HANG (MAKH, MATK, CCCD, HOTEN, NGAYSINH, SDT, GIOITINH, DIACHI, DIEMTICHLUY, IS_DELETED) VALUES ('KH008', 'TK018', '079088011002', N'Đinh Quang Hải',        DATE '1988-11-02', '0966002002', N'Nam', N'Q.7, TP.HCM',                     80,  0);
INSERT INTO KHACH_HANG (MAKH, MATK, CCCD, HOTEN, NGAYSINH, SDT, GIOITINH, DIACHI, DIEMTICHLUY, IS_DELETED) VALUES ('KH009', 'TK019', '079201007029', N'Ngô Thị Thanh',         DATE '2001-07-29', '0966003003', N'Nữ',  N'Bình Dương',                      0,  0);
INSERT INTO KHACH_HANG (MAKH, MATK, CCCD, HOTEN, NGAYSINH, SDT, GIOITINH, DIACHI, DIEMTICHLUY, IS_DELETED) VALUES ('KH010', 'TK020', '079075005005', N'Lý Văn Phúc',           DATE '1975-05-05', '0966004004', N'Nam', N'Đồng Nai',                        150, 0);
INSERT INTO KHACH_HANG (MAKH, MATK, CCCD, HOTEN, NGAYSINH, SDT, GIOITINH, DIACHI, DIEMTICHLUY, IS_DELETED) VALUES ('KH011', 'TK023', '079098001010', N'Trương Thị Mai',        DATE '1998-01-10', '0966005005', N'Nữ',  N'Q.12, TP.HCM',                    0,  0);
INSERT INTO KHACH_HANG (MAKH, MATK, CCCD, HOTEN, NGAYSINH, SDT, GIOITINH, DIACHI, DIEMTICHLUY, IS_DELETED) VALUES ('KH012', 'TK024', '079087006015', N'Đặng Văn Khải',         DATE '1987-06-15', '0966006006', N'Nam', N'Long An',                          0,  0);
INSERT INTO KHACH_HANG (MAKH, MATK, CCCD, HOTEN, NGAYSINH, SDT, GIOITINH, DIACHI, DIEMTICHLUY, IS_DELETED) VALUES ('KH013', 'TK025', '079002003020', N'Hoàng Thị Ngọc Ánh',    DATE '2002-03-20', '0966007007', N'Nữ',  N'Tây Ninh',                        0,  0);

-- ============================================================
-- 6. LỊCH LÀM VIỆC (2 bác sĩ, 14 ngày quanh SYSDATE)
-- ============================================================
INSERT INTO LICH_LAM_VIEC (MALLV, MANS, NGAY_LAM, GIO_BAT_DAU, GIO_KET_THUC, IS_NGHI)
SELECT 'LV_A' || LPAD(LEVEL, 3, '0'), 'NS005', TRUNC(SYSDATE) + LEVEL - 7, 8.0, 17.0, 0
FROM DUAL CONNECT BY LEVEL <= 14;

INSERT INTO LICH_LAM_VIEC (MALLV, MANS, NGAY_LAM, GIO_BAT_DAU, GIO_KET_THUC, IS_NGHI)
SELECT 'LV_B' || LPAD(LEVEL, 3, '0'), 'NS012', TRUNC(SYSDATE) + LEVEL - 7, 8.0, 17.0, 0
FROM DUAL CONNECT BY LEVEL <= 14;

-- ============================================================
-- 7. DỊCH VỤ KHÁM, GÓI KHÁM, TRIỆU CHỨNG
-- ============================================================
INSERT INTO DICH_VU_KHAM (MADV, TENDV, GIA, MOTA, IS_ACTIVE) VALUES ('DV01', N'Khám mắt tổng quát',       150000, N'Kiểm tra thị lực, khúc xạ, soi đèn khe cơ bản',  1);
INSERT INTO DICH_VU_KHAM (MADV, TENDV, GIA, MOTA, IS_ACTIVE) VALUES ('DV02', N'Đo khúc xạ máy tự động',   80000,  N'Đo cận, viễn, loạn bằng máy Auto-Refractometer',  1);
INSERT INTO DICH_VU_KHAM (MADV, TENDV, GIA, MOTA, IS_ACTIVE) VALUES ('DV03', N'Soi đáy mắt',              250000, N'Kiểm tra võng mạc, thần kinh thị giác',            1);
INSERT INTO DICH_VU_KHAM (MADV, TENDV, GIA, MOTA, IS_ACTIVE) VALUES ('DV04', N'Đo nhãn áp',               120000, N'Phát hiện glaucoma bằng khí nén/Goldmann',         1);
INSERT INTO DICH_VU_KHAM (MADV, TENDV, GIA, MOTA, IS_ACTIVE) VALUES ('DV05', N'Chụp OCT võng mạc',        450000, N'Chẩn đoán thoái hóa điểm vàng, bong võng mạc',    1);
INSERT INTO DICH_VU_KHAM (MADV, TENDV, GIA, MOTA, IS_ACTIVE) VALUES ('DV06', N'Mài lắp kính mắt',         200000, N'Mài tròng, lắp gọng theo toa',                     1);
INSERT INTO DICH_VU_KHAM (MADV, TENDV, GIA, MOTA, IS_ACTIVE) VALUES ('DV07', N'Tư vấn kính áp tròng',     100000, N'Tư vấn chọn loại và cách sử dụng kính áp tròng',  1);
INSERT INTO DICH_VU_KHAM (MADV, TENDV, GIA, MOTA, IS_ACTIVE) VALUES ('DV08', N'Đo thị trường vi tính',    350000, N'Phát hiện tổn thương thần kinh thị giác',           1);

INSERT INTO GOI_KHAM (MAGOI, TENGOI, MOTA, GIA, THOILUONG, IS_ACTIVE) VALUES ('GK01', N'Gói Khám Cơ Bản',       N'Khám tổng quát + Đo khúc xạ',              200000,  30, 1);
INSERT INTO GOI_KHAM (MAGOI, TENGOI, MOTA, GIA, THOILUONG, IS_ACTIVE) VALUES ('GK02', N'Gói Khám Nâng Cao',     N'Khám toàn diện kèm soi đáy mắt, nhãn áp', 550000,  60, 1);
INSERT INTO GOI_KHAM (MAGOI, TENGOI, MOTA, GIA, THOILUONG, IS_ACTIVE) VALUES ('GK03', N'Gói Tầm Soát Glaucoma', N'Đo nhãn áp + OCT + thị trường',            850000,  90, 1);

INSERT INTO CT_GOI_KHAM (MAGOI, MADV, SOLUONG) VALUES ('GK01', 'DV01', 1);
INSERT INTO CT_GOI_KHAM (MAGOI, MADV, SOLUONG) VALUES ('GK01', 'DV02', 1);
INSERT INTO CT_GOI_KHAM (MAGOI, MADV, SOLUONG) VALUES ('GK02', 'DV01', 1);
INSERT INTO CT_GOI_KHAM (MAGOI, MADV, SOLUONG) VALUES ('GK02', 'DV02', 1);
INSERT INTO CT_GOI_KHAM (MAGOI, MADV, SOLUONG) VALUES ('GK02', 'DV03', 1);
INSERT INTO CT_GOI_KHAM (MAGOI, MADV, SOLUONG) VALUES ('GK02', 'DV04', 1);
INSERT INTO CT_GOI_KHAM (MAGOI, MADV, SOLUONG) VALUES ('GK03', 'DV04', 1);
INSERT INTO CT_GOI_KHAM (MAGOI, MADV, SOLUONG) VALUES ('GK03', 'DV05', 1);
INSERT INTO CT_GOI_KHAM (MAGOI, MADV, SOLUONG) VALUES ('GK03', 'DV08', 1);

INSERT INTO TRIEU_CHUNG (MA_TC, TEN_TC, MO_TA, IS_ACTIVE) VALUES ('TC01', N'Mờ mắt',          N'Nhìn không rõ, hình ảnh mờ nhòe',    1);
INSERT INTO TRIEU_CHUNG (MA_TC, TEN_TC, MO_TA, IS_ACTIVE) VALUES ('TC02', N'Nhức đầu',        N'Đau đầu khi đọc sách hoặc nhìn gần', 1);
INSERT INTO TRIEU_CHUNG (MA_TC, TEN_TC, MO_TA, IS_ACTIVE) VALUES ('TC03', N'Nhức mắt',        N'Cảm giác đau nhức trong mắt',         1);
INSERT INTO TRIEU_CHUNG (MA_TC, TEN_TC, MO_TA, IS_ACTIVE) VALUES ('TC04', N'Chảy nước mắt',   N'Chảy nước mắt không kiểm soát',       1);
INSERT INTO TRIEU_CHUNG (MA_TC, TEN_TC, MO_TA, IS_ACTIVE) VALUES ('TC05', N'Nhìn đôi',        N'Thấy hình đôi khi nhìn xa',           1);
INSERT INTO TRIEU_CHUNG (MA_TC, TEN_TC, MO_TA, IS_ACTIVE) VALUES ('TC06', N'Khô mắt',         N'Cảm giác khô rát, cộm mắt',          1);
INSERT INTO TRIEU_CHUNG (MA_TC, TEN_TC, MO_TA, IS_ACTIVE) VALUES ('TC07', N'Nhạy sáng',       N'Chói mắt khi ra ngoài trời',          1);

-- ============================================================
-- 8. NHÀ CUNG CẤP & SẢN PHẨM (3 NCC, 15 SP, 4 loại)
-- ============================================================
INSERT INTO NHA_CUNG_CAP (MANCC, TENNCC, SDT, DIACHI) VALUES ('NCC01', N'Công ty TNHH Quang Học Việt',   '02838123456', N'120 Trần Hưng Đạo, Q.1, TP.HCM');
INSERT INTO NHA_CUNG_CAP (MANCC, TENNCC, SDT, DIACHI) VALUES ('NCC02', N'Essilor Việt Nam',              '02838987654', N'Lô A5 KCN Tân Bình, TP.HCM');
INSERT INTO NHA_CUNG_CAP (MANCC, TENNCC, SDT, DIACHI) VALUES ('NCC03', N'Pharma Eye Co., Ltd',           '02839112233', N'56 Nguyễn Đình Chiểu, Q.3, TP.HCM');

INSERT INTO LOAI_SAN_PHAM (MALOAI, TENLOAI) VALUES ('LSP01', N'Tròng kính đơn tụ');
INSERT INTO LOAI_SAN_PHAM (MALOAI, TENLOAI) VALUES ('LSP02', N'Tròng kính đa tròng');
INSERT INTO LOAI_SAN_PHAM (MALOAI, TENLOAI) VALUES ('LSP03', N'Kính áp tròng');
INSERT INTO LOAI_SAN_PHAM (MALOAI, TENLOAI) VALUES ('LSP04', N'Gọng kính');
INSERT INTO LOAI_SAN_PHAM (MALOAI, TENLOAI) VALUES ('LSP05', N'Thuốc nhỏ mắt');
INSERT INTO LOAI_SAN_PHAM (MALOAI, TENLOAI) VALUES ('LSP06', N'Phụ kiện kính');

-- Tròng kính
INSERT INTO SAN_PHAM (MASP, MALOAI, TENSP, DONVITINH, LATHUOC, GIABAN, TON_KHO_TOI_THIEU, DON_VI_TINH_KHO) VALUES ('SP001', 'LSP01', N'Tròng CR-39 đơn tụ chống UV',       N'Cặp',  0, 350000,  20, N'Cặp');
INSERT INTO SAN_PHAM (MASP, MALOAI, TENSP, DONVITINH, LATHUOC, GIABAN, TON_KHO_TOI_THIEU, DON_VI_TINH_KHO) VALUES ('SP002', 'LSP01', N'Tròng Transitions đổi màu',          N'Cặp',  0, 750000,  15, N'Cặp');
INSERT INTO SAN_PHAM (MASP, MALOAI, TENSP, DONVITINH, LATHUOC, GIABAN, TON_KHO_TOI_THIEU, DON_VI_TINH_KHO) VALUES ('SP003', 'LSP02', N'Tròng đa tròng Varilux Comfort',     N'Cặp',  0, 2500000, 10, N'Cặp');
INSERT INTO SAN_PHAM (MASP, MALOAI, TENSP, DONVITINH, LATHUOC, GIABAN, TON_KHO_TOI_THIEU, DON_VI_TINH_KHO) VALUES ('SP014', 'LSP02', N'Tròng kính lão Bifocal',             N'Cặp',  0, 550000,  10, N'Cặp');
-- Gọng kính
INSERT INTO SAN_PHAM (MASP, MALOAI, TENSP, DONVITINH, LATHUOC, GIABAN, TON_KHO_TOI_THIEU, DON_VI_TINH_KHO) VALUES ('SP004', 'LSP04', N'Gọng nhựa Acetate thời trang',       N'Cái',  0, 450000,  25, N'Cái');
INSERT INTO SAN_PHAM (MASP, MALOAI, TENSP, DONVITINH, LATHUOC, GIABAN, TON_KHO_TOI_THIEU, DON_VI_TINH_KHO) VALUES ('SP005', 'LSP04', N'Gọng thể thao TR90',                 N'Cái',  0, 380000,  30, N'Cái');
INSERT INTO SAN_PHAM (MASP, MALOAI, TENSP, DONVITINH, LATHUOC, GIABAN, TON_KHO_TOI_THIEU, DON_VI_TINH_KHO) VALUES ('SP006', 'LSP04', N'Gọng kim loại titanium cao cấp',     N'Cái',  0, 850000,  20, N'Cái');
INSERT INTO SAN_PHAM (MASP, MALOAI, TENSP, DONVITINH, LATHUOC, GIABAN, TON_KHO_TOI_THIEU, DON_VI_TINH_KHO) VALUES ('SP015', 'LSP04', N'Gọng kính trẻ em Disney',            N'Cái',  0, 280000,  15, N'Cái');
-- Kính áp tròng
INSERT INTO SAN_PHAM (MASP, MALOAI, TENSP, DONVITINH, LATHUOC, GIABAN, TON_KHO_TOI_THIEU, DON_VI_TINH_KHO) VALUES ('SP007', 'LSP03', N'Kính áp tròng Acuvue 1-Day (30c)',   N'Hộp',  0, 650000,  20, N'Hộp');
INSERT INTO SAN_PHAM (MASP, MALOAI, TENSP, DONVITINH, LATHUOC, GIABAN, TON_KHO_TOI_THIEU, DON_VI_TINH_KHO) VALUES ('SP008', 'LSP03', N'Kính áp tròng màu FreshLook (2c)',   N'Hộp',  0, 450000,  10, N'Hộp');
-- Thuốc nhỏ mắt
INSERT INTO SAN_PHAM (MASP, MALOAI, TENSP, DONVITINH, LATHUOC, GIABAN, TON_KHO_TOI_THIEU, DON_VI_TINH_KHO) VALUES ('SP009', 'LSP05', N'Nhỏ mắt Systane Ultra (10ml)',       N'Lọ',   1, 185000,  30, N'Lọ');
INSERT INTO SAN_PHAM (MASP, MALOAI, TENSP, DONVITINH, LATHUOC, GIABAN, TON_KHO_TOI_THIEU, DON_VI_TINH_KHO) VALUES ('SP010', 'LSP05', N'Nhỏ mắt Tobramycin 0.3%',           N'Lọ',   1, 95000,   40, N'Lọ');
INSERT INTO SAN_PHAM (MASP, MALOAI, TENSP, DONVITINH, LATHUOC, GIABAN, TON_KHO_TOI_THIEU, DON_VI_TINH_KHO) VALUES ('SP011', 'LSP05', N'Nhỏ mắt Lotemax (Loteprednol)',      N'Lọ',   1, 280000,  15, N'Lọ');
INSERT INTO SAN_PHAM (MASP, MALOAI, TENSP, DONVITINH, LATHUOC, GIABAN, TON_KHO_TOI_THIEU, DON_VI_TINH_KHO) VALUES ('SP012', 'LSP05', N'Nước rửa mắt V.Rohto',              N'Lọ',   0, 65000,   50, N'Lọ');
-- Phụ kiện
INSERT INTO SAN_PHAM (MASP, MALOAI, TENSP, DONVITINH, LATHUOC, GIABAN, TON_KHO_TOI_THIEU, DON_VI_TINH_KHO) VALUES ('SP013', 'LSP06', N'Dung dịch ngâm kính áp tròng 360ml', N'Chai', 0, 120000,  25, N'Chai');

-- ============================================================
-- 9. PHIẾU NHẬP & LÔ HÀNG (4 đợt nhập, 18 lô hàng)
-- ============================================================
INSERT INTO PHIEU_NHAP (MAPN, MANCC, MANS, NGAYNHAP, TONGTIEN) VALUES ('PN_S01', 'NCC01', 'NS008', TIMESTAMP '2024-10-15 09:00:00', 0);
INSERT INTO PHIEU_NHAP (MAPN, MANCC, MANS, NGAYNHAP, TONGTIEN) VALUES ('PN_S02', 'NCC01', 'NS008', TIMESTAMP '2025-01-10 10:00:00', 0);
INSERT INTO PHIEU_NHAP (MAPN, MANCC, MANS, NGAYNHAP, TONGTIEN) VALUES ('PN_S03', 'NCC02', 'NS009', TIMESTAMP '2025-03-05 08:30:00', 0);
INSERT INTO PHIEU_NHAP (MAPN, MANCC, MANS, NGAYNHAP, TONGTIEN) VALUES ('PN_S04', 'NCC03', 'NS008', TIMESTAMP '2025-04-20 14:00:00', 0);

-- Lô từ PN_S01 (tháng 10/2024)
INSERT INTO LO_HANG (MALO, MASP, MAPN, NGAYSANXUAT, NGAYHETHAN, SOLUONGNHAP, SOLUONGTON, GIANHAP) VALUES ('LO_S01', 'SP001', 'PN_S01', DATE '2024-06-01', DATE '2027-06-01',  100, 100, 220000);
INSERT INTO LO_HANG (MALO, MASP, MAPN, NGAYSANXUAT, NGAYHETHAN, SOLUONGNHAP, SOLUONGTON, GIANHAP) VALUES ('LO_S02', 'SP006', 'PN_S01', DATE '2024-01-10', DATE '2028-01-10',  50,  50,  560000);
INSERT INTO LO_HANG (MALO, MASP, MAPN, NGAYSANXUAT, NGAYHETHAN, SOLUONGNHAP, SOLUONGTON, GIANHAP) VALUES ('LO_S03', 'SP004', 'PN_S01', DATE '2024-08-01', DATE '2028-08-01',  80,  80,  290000);
INSERT INTO LO_HANG (MALO, MASP, MAPN, NGAYSANXUAT, NGAYHETHAN, SOLUONGNHAP, SOLUONGTON, GIANHAP) VALUES ('LO_S04', 'SP005', 'PN_S01', DATE '2024-09-15', DATE '2028-09-15',  100, 100, 240000);
-- Lô từ PN_S02 (tháng 01/2025)
INSERT INTO LO_HANG (MALO, MASP, MAPN, NGAYSANXUAT, NGAYHETHAN, SOLUONGNHAP, SOLUONGTON, GIANHAP) VALUES ('LO_S05', 'SP002', 'PN_S02', DATE '2024-08-01', DATE '2027-08-01',  60,  60,  480000);
INSERT INTO LO_HANG (MALO, MASP, MAPN, NGAYSANXUAT, NGAYHETHAN, SOLUONGNHAP, SOLUONGTON, GIANHAP) VALUES ('LO_S06', 'SP003', 'PN_S02', DATE '2024-10-01', DATE '2027-10-01',  30,  30,  1600000);
INSERT INTO LO_HANG (MALO, MASP, MAPN, NGAYSANXUAT, NGAYHETHAN, SOLUONGNHAP, SOLUONGTON, GIANHAP) VALUES ('LO_S07', 'SP014', 'PN_S02', DATE '2024-11-01', DATE '2027-11-01',  40,  40,  350000);
INSERT INTO LO_HANG (MALO, MASP, MAPN, NGAYSANXUAT, NGAYHETHAN, SOLUONGNHAP, SOLUONGTON, GIANHAP) VALUES ('LO_S08', 'SP015', 'PN_S02', DATE '2024-12-01', DATE '2028-12-01',  50,  50,  180000);
-- Lô từ PN_S03 (tháng 03/2025 - Essilor)
INSERT INTO LO_HANG (MALO, MASP, MAPN, NGAYSANXUAT, NGAYHETHAN, SOLUONGNHAP, SOLUONGTON, GIANHAP) VALUES ('LO_S09', 'SP007', 'PN_S03', DATE '2025-01-01', DATE '2026-01-01',  100, 100, 420000);
INSERT INTO LO_HANG (MALO, MASP, MAPN, NGAYSANXUAT, NGAYHETHAN, SOLUONGNHAP, SOLUONGTON, GIANHAP) VALUES ('LO_S10', 'SP008', 'PN_S03', DATE '2025-02-01', DATE '2026-02-01',  60,  60,  300000);
INSERT INTO LO_HANG (MALO, MASP, MAPN, NGAYSANXUAT, NGAYHETHAN, SOLUONGNHAP, SOLUONGTON, GIANHAP) VALUES ('LO_S11', 'SP013', 'PN_S03', DATE '2025-01-15', DATE '2027-01-15',  80,  80,  75000);
-- Lô từ PN_S04 (tháng 04/2025 - Pharma Eye — thuốc)
INSERT INTO LO_HANG (MALO, MASP, MAPN, NGAYSANXUAT, NGAYHETHAN, SOLUONGNHAP, SOLUONGTON, GIANHAP) VALUES ('LO_S12', 'SP009', 'PN_S04', DATE '2025-03-01', DATE '2026-09-01',  200, 200, 120000);
INSERT INTO LO_HANG (MALO, MASP, MAPN, NGAYSANXUAT, NGAYHETHAN, SOLUONGNHAP, SOLUONGTON, GIANHAP) VALUES ('LO_S13', 'SP010', 'PN_S04', DATE '2025-03-10', DATE '2026-03-10',  150, 150, 55000);
INSERT INTO LO_HANG (MALO, MASP, MAPN, NGAYSANXUAT, NGAYHETHAN, SOLUONGNHAP, SOLUONGTON, GIANHAP) VALUES ('LO_S14', 'SP011', 'PN_S04', DATE '2025-04-01', DATE '2026-04-01',  80,  80,  180000);
INSERT INTO LO_HANG (MALO, MASP, MAPN, NGAYSANXUAT, NGAYHETHAN, SOLUONGNHAP, SOLUONGTON, GIANHAP) VALUES ('LO_S15', 'SP012', 'PN_S04', DATE '2025-04-05', DATE '2027-04-05',  300, 300, 40000);
-- Lô sắp hết hạn (cảnh báo trên dashboard!)
INSERT INTO LO_HANG (MALO, MASP, MAPN, NGAYSANXUAT, NGAYHETHAN, SOLUONGNHAP, SOLUONGTON, GIANHAP) VALUES ('LO_S16', 'SP010', 'PN_S04', DATE '2024-06-01', DATE '2025-06-10',  50,  35,  55000);
INSERT INTO LO_HANG (MALO, MASP, MAPN, NGAYSANXUAT, NGAYHETHAN, SOLUONGNHAP, SOLUONGTON, GIANHAP) VALUES ('LO_S17', 'SP009', 'PN_S04', DATE '2024-06-15', DATE '2025-06-05',  30,  20,  120000);
-- Lô tồn kho thấp (cảnh báo!)
INSERT INTO LO_HANG (MALO, MASP, MAPN, NGAYSANXUAT, NGAYHETHAN, SOLUONGNHAP, SOLUONGTON, GIANHAP) VALUES ('LO_S18', 'SP001', 'PN_S01', DATE '2024-05-01', DATE '2027-05-01',  20,  3,   220000);

-- ============================================================
-- 10. KHUYẾN MÃI
-- ============================================================
INSERT INTO KHUYEN_MAI (MAKM, TENKM, LOAI, GIA_TRI, GIAM_TOI_DA, MA_CODE, NGAY_BD, NGAY_KT, SO_LUONG, DA_DUNG, DIEU_KIEN, IS_ACTIVE)
VALUES ('KM01', N'Ưu đãi mùa hè 2025',       N'PHANTRAM', 15,    300000, 'SUMMER25',  DATE '2025-06-01', DATE '2025-08-31', 100, 45,  200000, 1);
INSERT INTO KHUYEN_MAI (MAKM, TENKM, LOAI, GIA_TRI, GIAM_TOI_DA, MA_CODE, NGAY_BD, NGAY_KT, SO_LUONG, DA_DUNG, DIEU_KIEN, IS_ACTIVE)
VALUES ('KM02', N'Giảm 50K lần đầu',          N'SOTIEN',   50000, NULL,   'FIRST50',   DATE '2025-01-01', DATE '2025-12-31', 500, 120, 0,      1);
INSERT INTO KHUYEN_MAI (MAKM, TENKM, LOAI, GIA_TRI, GIAM_TOI_DA, MA_CODE, NGAY_BD, NGAY_KT, SO_LUONG, DA_DUNG, DIEU_KIEN, IS_ACTIVE)
VALUES ('KM03', N'VIP giảm 20%',              N'PHANTRAM', 20,    500000, 'VIP20',     DATE '2025-01-01', DATE '2025-12-31', 50,  18,  1000000, 1);
INSERT INTO KHUYEN_MAI (MAKM, TENKM, LOAI, GIA_TRI, GIAM_TOI_DA, MA_CODE, NGAY_BD, NGAY_KT, SO_LUONG, DA_DUNG, DIEU_KIEN, IS_ACTIVE)
VALUES ('KM04', N'Back to School giảm 100K',  N'SOTIEN',   100000,NULL,   'SCHOOL100', DATE '2025-08-15', DATE '2025-09-30', 200, 0,   500000,  1);
INSERT INTO KHUYEN_MAI (MAKM, TENKM, LOAI, GIA_TRI, GIAM_TOI_DA, MA_CODE, NGAY_BD, NGAY_KT, SO_LUONG, DA_DUNG, DIEU_KIEN, IS_ACTIVE)
VALUES ('KM05', N'Flash Sale cuối tuần 10%',  N'PHANTRAM', 10,    200000, 'WEEKEND10', DATE '2025-05-01', DATE '2025-12-31', 300, 5,   100000,  1);

-- ============================================================
-- 11. LỊCH HẸN (8 lịch hẹn, liên kết triệu chứng)
-- ============================================================
INSERT INTO LICH_HEN (MALH, MAKH, MANS, MAGOI, NGAYHEN, GIO_HEN, LOAI_LICH, TRANGTHAI) VALUES ('LH_S001', 'KH001', 'NS005', 'GK01', TRUNC(SYSDATE)-30, TRUNC(SYSDATE)-30 + INTERVAL '9' HOUR,  N'Online',  N'Đã khám');
INSERT INTO LICH_HEN (MALH, MAKH, MANS, MAGOI, NGAYHEN, GIO_HEN, LOAI_LICH, TRANGTHAI) VALUES ('LH_S002', 'KH002', 'NS005', 'GK01', TRUNC(SYSDATE)-25, TRUNC(SYSDATE)-25 + INTERVAL '10' HOUR, N'Online',  N'Đã khám');
INSERT INTO LICH_HEN (MALH, MAKH, MANS, MAGOI, NGAYHEN, GIO_HEN, LOAI_LICH, TRANGTHAI) VALUES ('LH_S003', 'KH004', 'NS012', 'GK02', TRUNC(SYSDATE)-20, TRUNC(SYSDATE)-20 + INTERVAL '14' HOUR, N'Online',  N'Đã khám');
INSERT INTO LICH_HEN (MALH, MAKH, MANS, MAGOI, NGAYHEN, GIO_HEN, LOAI_LICH, TRANGTHAI) VALUES ('LH_S004', 'KH007', 'NS012', 'GK02', TRUNC(SYSDATE)-15, TRUNC(SYSDATE)-15 + INTERVAL '9' HOUR,  N'Walk-in', N'Đã khám');
INSERT INTO LICH_HEN (MALH, MAKH, MANS, MAGOI, NGAYHEN, GIO_HEN, LOAI_LICH, TRANGTHAI) VALUES ('LH_S005', 'KH005', 'NS005', 'GK01', TRUNC(SYSDATE)-10, TRUNC(SYSDATE)-10 + INTERVAL '15' HOUR, N'Online',  N'Đã khám');
INSERT INTO LICH_HEN (MALH, MAKH, MANS, MAGOI, NGAYHEN, GIO_HEN, LOAI_LICH, TRANGTHAI) VALUES ('LH_S006', 'KH008', 'NS005', 'GK03', TRUNC(SYSDATE)-5,  TRUNC(SYSDATE)-5  + INTERVAL '8' HOUR,  N'Online',  N'Đã khám');
INSERT INTO LICH_HEN (MALH, MAKH, MANS, MAGOI, NGAYHEN, GIO_HEN, LOAI_LICH, TRANGTHAI) VALUES ('LH_S007', 'KH011', 'NS012', 'GK01', TRUNC(SYSDATE)+1,  TRUNC(SYSDATE)+1  + INTERVAL '10' HOUR, N'Online',  N'Mới');
INSERT INTO LICH_HEN (MALH, MAKH, MANS, MAGOI, NGAYHEN, GIO_HEN, LOAI_LICH, TRANGTHAI) VALUES ('LH_S008', 'KH012', 'NS005', 'GK02', TRUNC(SYSDATE)+2,  TRUNC(SYSDATE)+2  + INTERVAL '14' HOUR, N'Online',  N'Mới');

-- Triệu chứng cho lịch hẹn
INSERT INTO LICH_HEN_TRIEU_CHUNG (MALH, MA_TC, MO_TA_TU_DO) VALUES ('LH_S001', 'TC01', N'Nhìn mờ khi đọc sách, đặc biệt ban đêm');
INSERT INTO LICH_HEN_TRIEU_CHUNG (MALH, MA_TC, MO_TA_TU_DO) VALUES ('LH_S001', 'TC02', N'Nhức đầu sau 2 giờ dùng máy tính');
INSERT INTO LICH_HEN_TRIEU_CHUNG (MALH, MA_TC, MO_TA_TU_DO) VALUES ('LH_S002', 'TC01', N'Mờ mắt từ 2 tuần nay');
INSERT INTO LICH_HEN_TRIEU_CHUNG (MALH, MA_TC, MO_TA_TU_DO) VALUES ('LH_S003', 'TC03', N'Nhức mắt bên phải');
INSERT INTO LICH_HEN_TRIEU_CHUNG (MALH, MA_TC, MO_TA_TU_DO) VALUES ('LH_S004', 'TC06', N'Khô mắt, rát khi đeo kính áp tròng');
INSERT INTO LICH_HEN_TRIEU_CHUNG (MALH, MA_TC, MO_TA_TU_DO) VALUES ('LH_S005', 'TC07', N'Chói mắt khi ra đường');
INSERT INTO LICH_HEN_TRIEU_CHUNG (MALH, MA_TC, MO_TA_TU_DO) VALUES ('LH_S006', 'TC01', N'Mờ mắt trung tâm, nghi glaucoma');
INSERT INTO LICH_HEN_TRIEU_CHUNG (MALH, MA_TC, MO_TA_TU_DO) VALUES ('LH_S006', 'TC03', N'Đau nhức mắt kéo dài');
INSERT INTO LICH_HEN_TRIEU_CHUNG (MALH, MA_TC, MO_TA_TU_DO) VALUES ('LH_S007', 'TC01', N'Mờ mắt nhẹ, muốn kiểm tra');
INSERT INTO LICH_HEN_TRIEU_CHUNG (MALH, MA_TC, MO_TA_TU_DO) VALUES ('LH_S008', 'TC04', N'Chảy nước mắt sống');

-- ============================================================
-- 12. HỒ SƠ THỊ LỰC (đa dạng tháng, phủ nhiều khách hàng)
-- ============================================================
-- T11/2024
INSERT INTO HO_SO_THI_LUC (MAHOSO, MAKH, MANS, NGAYKHAM, KETLUAN) VALUES ('HS_T11_01', 'KH001', 'NS005', TIMESTAMP '2024-11-05 09:30:00', N'Cận thị -2.50/-3.00. Ổn định.');
INSERT INTO HO_SO_THI_LUC (MAHOSO, MAKH, MANS, NGAYKHAM, KETLUAN) VALUES ('HS_T11_02', 'KH004', 'NS012', TIMESTAMP '2024-11-12 10:00:00', N'Lão thị tiến triển nhẹ. Cần kính đọc sách.');
INSERT INTO HO_SO_THI_LUC (MAHOSO, MAKH, MANS, NGAYKHAM, KETLUAN) VALUES ('HS_T11_03', 'KH005', 'NS005', TIMESTAMP '2024-11-20 14:30:00', N'Cận thị mới phát hiện -1.25 hai mắt.');
INSERT INTO HO_SO_THI_LUC (MAHOSO, MAKH, MANS, NGAYKHAM, KETLUAN) VALUES ('HS_T11_04', 'KH006', 'NS012', TIMESTAMP '2024-11-28 08:45:00', N'Kiểm tra định kỳ. Bình thường.');
-- T12/2024
INSERT INTO HO_SO_THI_LUC (MAHOSO, MAKH, MANS, NGAYKHAM, KETLUAN) VALUES ('HS_T12_01', 'KH002', 'NS005', TIMESTAMP '2024-12-03 09:00:00', N'Tái khám, độ cận tăng nhẹ -0.25.');
INSERT INTO HO_SO_THI_LUC (MAHOSO, MAKH, MANS, NGAYKHAM, KETLUAN) VALUES ('HS_T12_02', 'KH007', 'NS012', TIMESTAMP '2024-12-10 10:30:00', N'Cận nặng -5.50, đề xuất kính áp tròng.');
INSERT INTO HO_SO_THI_LUC (MAHOSO, MAKH, MANS, NGAYKHAM, KETLUAN) VALUES ('HS_T12_03', 'KH003', 'NS005', TIMESTAMP '2024-12-15 14:00:00', N'Loạn thị CYL -1.75 mắt phải. Ổn định.');
INSERT INTO HO_SO_THI_LUC (MAHOSO, MAKH, MANS, NGAYKHAM, KETLUAN) VALUES ('HS_T12_04', 'KH008', 'NS012', TIMESTAMP '2024-12-20 09:30:00', N'Nhãn áp 22mmHg. Theo dõi thêm.');
INSERT INTO HO_SO_THI_LUC (MAHOSO, MAKH, MANS, NGAYKHAM, KETLUAN) VALUES ('HS_T12_05', 'KH010', 'NS005', TIMESTAMP '2024-12-27 15:00:00', N'Nhãn áp cải thiện sau điều trị, 17mmHg.');
-- T01/2025
INSERT INTO HO_SO_THI_LUC (MAHOSO, MAKH, MANS, NGAYKHAM, KETLUAN) VALUES ('HS_T01_01', 'KH001', 'NS005', TIMESTAMP '2025-01-08 10:00:00', N'Tái khám sau 2 tháng. Ổn định, giữ toa.');
INSERT INTO HO_SO_THI_LUC (MAHOSO, MAKH, MANS, NGAYKHAM, KETLUAN) VALUES ('HS_T01_02', 'KH009', 'NS012', TIMESTAMP '2025-01-15 09:30:00', N'Khám lần đầu. Thị lực 10/10 hai mắt.');
INSERT INTO HO_SO_THI_LUC (MAHOSO, MAKH, MANS, NGAYKHAM, KETLUAN) VALUES ('HS_T01_03', 'KH004', 'NS005', TIMESTAMP '2025-01-22 14:00:00', N'Lão thị ổn định, giữ nguyên đơn.');
-- T02/2025
INSERT INTO HO_SO_THI_LUC (MAHOSO, MAKH, MANS, NGAYKHAM, KETLUAN) VALUES ('HS_T02_01', 'KH002', 'NS005', TIMESTAMP '2025-02-10 09:00:00', N'Hậu Tết tái khám, mắt mỏi. Đổi toa.');
INSERT INTO HO_SO_THI_LUC (MAHOSO, MAKH, MANS, NGAYKHAM, KETLUAN) VALUES ('HS_T02_02', 'KH007', 'NS012', TIMESTAMP '2025-02-18 10:00:00', N'Cận ổn định. Đổi gọng mới.');
INSERT INTO HO_SO_THI_LUC (MAHOSO, MAKH, MANS, NGAYKHAM, KETLUAN) VALUES ('HS_T02_03', 'KH010', 'NS005', TIMESTAMP '2025-02-25 14:30:00', N'Nhãn áp về mức bình thường 15mmHg.');
-- T03/2025
INSERT INTO HO_SO_THI_LUC (MAHOSO, MAKH, MANS, NGAYKHAM, KETLUAN) VALUES ('HS_T03_01', 'KH003', 'NS005', TIMESTAMP '2025-03-05 09:30:00', N'Loạn thị tăng nhẹ. Cập nhật đơn.');
INSERT INTO HO_SO_THI_LUC (MAHOSO, MAKH, MANS, NGAYKHAM, KETLUAN) VALUES ('HS_T03_02', 'KH005', 'NS012', TIMESTAMP '2025-03-10 10:00:00', N'Cận tăng 0.25D so với T11.');
INSERT INTO HO_SO_THI_LUC (MAHOSO, MAKH, MANS, NGAYKHAM, KETLUAN) VALUES ('HS_T03_03', 'KH001', 'NS005', TIMESTAMP '2025-03-15 14:00:00', N'Khám tổng quát 6 tháng. Ổn định.');
INSERT INTO HO_SO_THI_LUC (MAHOSO, MAKH, MANS, NGAYKHAM, KETLUAN) VALUES ('HS_T03_04', 'KH008', 'NS012', TIMESTAMP '2025-03-20 09:00:00', N'OCT lần đầu. Võng mạc bình thường.');
INSERT INTO HO_SO_THI_LUC (MAHOSO, MAKH, MANS, NGAYKHAM, KETLUAN) VALUES ('HS_T03_05', 'KH009', 'NS005', TIMESTAMP '2025-03-28 15:30:00', N'Khám lại sau 2 tháng. Tốt.');
-- T04/2025
INSERT INTO HO_SO_THI_LUC (MAHOSO, MAKH, MANS, NGAYKHAM, KETLUAN) VALUES ('HS_T04_01', 'KH007', 'NS012', TIMESTAMP '2025-04-03 09:00:00', N'Cận ổn định. Tư vấn kính áp tròng.');
INSERT INTO HO_SO_THI_LUC (MAHOSO, MAKH, MANS, NGAYKHAM, KETLUAN) VALUES ('HS_T04_02', 'KH002', 'NS005', TIMESTAMP '2025-04-09 10:30:00', N'Cận tăng 0.5D. Đổi toa mới.');
INSERT INTO HO_SO_THI_LUC (MAHOSO, MAKH, MANS, NGAYKHAM, KETLUAN) VALUES ('HS_T04_03', 'KH004', 'NS012', TIMESTAMP '2025-04-16 14:00:00', N'Lão thị hai mắt, cần kính đa tròng.');
INSERT INTO HO_SO_THI_LUC (MAHOSO, MAKH, MANS, NGAYKHAM, KETLUAN) VALUES ('HS_T04_04', 'KH010', 'NS005', TIMESTAMP '2025-04-22 09:30:00', N'Nhãn áp ổn định. Tiếp tục thuốc.');
INSERT INTO HO_SO_THI_LUC (MAHOSO, MAKH, MANS, NGAYKHAM, KETLUAN) VALUES ('HS_T04_05', 'KH006', 'NS012', TIMESTAMP '2025-04-29 15:00:00', N'Khám tổng quát. Không vấn đề.');
-- T05/2025 (tháng hiện tại)
INSERT INTO HO_SO_THI_LUC (MAHOSO, MAKH, MANS, NGAYKHAM, KETLUAN) VALUES ('HS_T05_01', 'KH011', 'NS005', TIMESTAMP '2025-05-05 09:00:00', N'Khám lần đầu. Cận nhẹ -0.75 hai mắt.');
INSERT INTO HO_SO_THI_LUC (MAHOSO, MAKH, MANS, NGAYKHAM, KETLUAN) VALUES ('HS_T05_02', 'KH012', 'NS012', TIMESTAMP '2025-05-08 10:30:00', N'Viễn thị +1.50. Cần kính đọc sách.');
INSERT INTO HO_SO_THI_LUC (MAHOSO, MAKH, MANS, NGAYKHAM, KETLUAN) VALUES ('HS_T05_03', 'KH013', 'NS005', TIMESTAMP '2025-05-12 14:00:00', N'Cận -3.00 kèm loạn -0.50. Cần kính mới.');
INSERT INTO HO_SO_THI_LUC (MAHOSO, MAKH, MANS, NGAYKHAM, KETLUAN) VALUES ('HS_T05_04', 'KH001', 'NS012', TIMESTAMP '2025-05-15 08:30:00', N'Tái khám. Cận ổn định.');
INSERT INTO HO_SO_THI_LUC (MAHOSO, MAKH, MANS, NGAYKHAM, KETLUAN) VALUES ('HS_T05_05', 'KH008', 'NS005', TIMESTAMP '2025-05-19 11:00:00', N'Nhãn áp ổn. Tiếp tục Lotemax.');

-- Chi tiết thị lực (mẫu cho vài hồ sơ)
INSERT INTO CHI_TIET_THI_LUC (MAHOSO, MAT, DOCAU_SPH, DOTRU_CYL, TRUC_AX, KHOANGCACH_PD) VALUES ('HS_T11_01', 'T', -2.50, -0.25, 180, 31.5);
INSERT INTO CHI_TIET_THI_LUC (MAHOSO, MAT, DOCAU_SPH, DOTRU_CYL, TRUC_AX, KHOANGCACH_PD) VALUES ('HS_T11_01', 'P', -3.00,  0.00, 0,   32.0);
INSERT INTO CHI_TIET_THI_LUC (MAHOSO, MAT, DOCAU_SPH, DOTRU_CYL, TRUC_AX, KHOANGCACH_PD) VALUES ('HS_T11_03', 'T', -1.25,  0.00, 0,   30.0);
INSERT INTO CHI_TIET_THI_LUC (MAHOSO, MAT, DOCAU_SPH, DOTRU_CYL, TRUC_AX, KHOANGCACH_PD) VALUES ('HS_T11_03', 'P', -1.25,  0.00, 0,   30.5);
INSERT INTO CHI_TIET_THI_LUC (MAHOSO, MAT, DOCAU_SPH, DOTRU_CYL, TRUC_AX, KHOANGCACH_PD) VALUES ('HS_T12_01', 'T', -1.75, -0.50, 90,  31.0);
INSERT INTO CHI_TIET_THI_LUC (MAHOSO, MAT, DOCAU_SPH, DOTRU_CYL, TRUC_AX, KHOANGCACH_PD) VALUES ('HS_T12_01', 'P', -2.00,  0.00, 0,   31.5);
INSERT INTO CHI_TIET_THI_LUC (MAHOSO, MAT, DOCAU_SPH, DOTRU_CYL, TRUC_AX, KHOANGCACH_PD) VALUES ('HS_T12_03', 'T', -0.50, -1.75, 175, 31.0);
INSERT INTO CHI_TIET_THI_LUC (MAHOSO, MAT, DOCAU_SPH, DOTRU_CYL, TRUC_AX, KHOANGCACH_PD) VALUES ('HS_T12_03', 'P', -0.25, -0.50, 10,  31.5);
INSERT INTO CHI_TIET_THI_LUC (MAHOSO, MAT, DOCAU_SPH, DOTRU_CYL, TRUC_AX, KHOANGCACH_PD, DOCONG_ADD) VALUES ('HS_T04_03', 'T', +1.00, -0.50, 90,  32.0, 2.00);
INSERT INTO CHI_TIET_THI_LUC (MAHOSO, MAT, DOCAU_SPH, DOTRU_CYL, TRUC_AX, KHOANGCACH_PD, DOCONG_ADD) VALUES ('HS_T04_03', 'P', +1.25,  0.00, 0,   32.5, 2.00);
INSERT INTO CHI_TIET_THI_LUC (MAHOSO, MAT, DOCAU_SPH, DOTRU_CYL, TRUC_AX, KHOANGCACH_PD) VALUES ('HS_T05_03', 'T', -3.00, -0.50, 170, 31.0);
INSERT INTO CHI_TIET_THI_LUC (MAHOSO, MAT, DOCAU_SPH, DOTRU_CYL, TRUC_AX, KHOANGCACH_PD) VALUES ('HS_T05_03', 'P', -3.00, -0.50, 5,   31.5);

-- ============================================================
-- 13. PHIẾU KÊ ĐƠN & CT KÊ ĐƠN
-- ============================================================
INSERT INTO PHIEU_KE_DON (MADON, MAHOSO, MANS, NGAYKEDON, LOIDAN) VALUES ('KD_S01', 'HS_T11_01', 'NS005', DATE '2024-11-05', N'Đeo kính thường xuyên. Tái khám sau 3 tháng.');
INSERT INTO PHIEU_KE_DON (MADON, MAHOSO, MANS, NGAYKEDON, LOIDAN) VALUES ('KD_S02', 'HS_T12_01', 'NS005', DATE '2024-12-03', N'Hạn chế dùng điện thoại. Nhỏ thuốc 3 lần/ngày.');
INSERT INTO PHIEU_KE_DON (MADON, MAHOSO, MANS, NGAYKEDON, LOIDAN) VALUES ('KD_S03', 'HS_T12_03', 'NS005', DATE '2024-12-15', N'Kính loạn. Đeo liên tục.');
INSERT INTO PHIEU_KE_DON (MADON, MAHOSO, MANS, NGAYKEDON, LOIDAN) VALUES ('KD_S04', 'HS_T04_03', 'NS012', DATE '2025-04-16', N'Kính đa tròng Varilux. Thích nghi dần trong 1 tuần.');
INSERT INTO PHIEU_KE_DON (MADON, MAHOSO, MANS, NGAYKEDON, LOIDAN) VALUES ('KD_S05', 'HS_T04_04', 'NS005', DATE '2025-04-22', N'Nhỏ Lotemax 3 lần/ngày x 2 tuần. Systane khi khô mắt.');
INSERT INTO PHIEU_KE_DON (MADON, MAHOSO, MANS, NGAYKEDON, LOIDAN) VALUES ('KD_S06', 'HS_T05_03', 'NS005', DATE '2025-05-12', N'Kính cận + loạn. Đeo thường xuyên.');
INSERT INTO PHIEU_KE_DON (MADON, MAHOSO, MANS, NGAYKEDON, LOIDAN) VALUES ('KD_S07', 'HS_T05_05', 'NS005', DATE '2025-05-19', N'Tiếp tục Lotemax. Systane 4 lần/ngày.');

-- CT kê đơn (sản phẩm trong đơn)
INSERT INTO CT_KE_DON (MADON, MASP, SOLUONG, LIEUDUNG, CACHDUNG) VALUES ('KD_S01', 'SP001', 1, N'1 cặp tròng',  N'Lắp vào gọng');
INSERT INTO CT_KE_DON (MADON, MASP, SOLUONG, LIEUDUNG, CACHDUNG) VALUES ('KD_S01', 'SP006', 1, N'1 gọng',       N'Gọng titanium vừa mặt');
INSERT INTO CT_KE_DON (MADON, MASP, SOLUONG, LIEUDUNG, CACHDUNG) VALUES ('KD_S02', 'SP009', 2, N'3 lần/ngày',   N'Nhỏ 1-2 giọt mỗi mắt');
INSERT INTO CT_KE_DON (MADON, MASP, SOLUONG, LIEUDUNG, CACHDUNG) VALUES ('KD_S03', 'SP001', 1, N'1 cặp tròng',  N'Tròng loạn theo toa');
INSERT INTO CT_KE_DON (MADON, MASP, SOLUONG, LIEUDUNG, CACHDUNG) VALUES ('KD_S03', 'SP004', 1, N'1 gọng',       N'Gọng nhựa nhẹ');
INSERT INTO CT_KE_DON (MADON, MASP, SOLUONG, LIEUDUNG, CACHDUNG) VALUES ('KD_S04', 'SP003', 1, N'1 cặp đa tròng', N'Tròng Varilux theo toa');
INSERT INTO CT_KE_DON (MADON, MASP, SOLUONG, LIEUDUNG, CACHDUNG) VALUES ('KD_S04', 'SP006', 1, N'1 gọng',       N'Gọng titanium phù hợp đa tròng');
INSERT INTO CT_KE_DON (MADON, MASP, SOLUONG, LIEUDUNG, CACHDUNG) VALUES ('KD_S05', 'SP011', 1, N'3 lần/ngày x 2 tuần', N'Nhỏ sau bữa ăn');
INSERT INTO CT_KE_DON (MADON, MASP, SOLUONG, LIEUDUNG, CACHDUNG) VALUES ('KD_S05', 'SP009', 1, N'Khi khô mắt',  N'Nhỏ 1-2 giọt');
INSERT INTO CT_KE_DON (MADON, MASP, SOLUONG, LIEUDUNG, CACHDUNG) VALUES ('KD_S06', 'SP002', 1, N'1 cặp Transitions', N'Tròng đổi màu cho sinh viên');
INSERT INTO CT_KE_DON (MADON, MASP, SOLUONG, LIEUDUNG, CACHDUNG) VALUES ('KD_S06', 'SP005', 1, N'1 gọng TR90',  N'Gọng thể thao bền');
INSERT INTO CT_KE_DON (MADON, MASP, SOLUONG, LIEUDUNG, CACHDUNG) VALUES ('KD_S07', 'SP011', 1, N'3 lần/ngày',   N'Tiếp tục phác đồ');
INSERT INTO CT_KE_DON (MADON, MASP, SOLUONG, LIEUDUNG, CACHDUNG) VALUES ('KD_S07', 'SP009', 2, N'4 lần/ngày',   N'Nhỏ khi khô');

-- ============================================================
-- 14. XỬ LÝ KÍNH (3 đơn mài lắp)
-- ============================================================
INSERT INTO XU_LY_KINH (MAXL, MADON, THONG_SO_KINH, TRANG_THAI, NGAY_BAT_DAU, NGAY_HOAN_THANH, MANS_KY_THUAT, GHI_CHU)
VALUES ('XL_S01', 'KD_S01', '{"sph_r": -2.50, "cyl_r": -0.25, "ax_r": 180, "sph_l": -3.00, "pd": 63.5}',    N'Hoàn thành', TIMESTAMP '2024-11-05 11:00:00', TIMESTAMP '2024-11-06 16:00:00', 'NS006', N'Tròng CR-39 + Gọng titanium');
INSERT INTO XU_LY_KINH (MAXL, MADON, THONG_SO_KINH, TRANG_THAI, NGAY_BAT_DAU, NGAY_HOAN_THANH, MANS_KY_THUAT, GHI_CHU)
VALUES ('XL_S02', 'KD_S03', '{"sph_r": -0.50, "cyl_r": -1.75, "ax_r": 175, "sph_l": -0.25, "cyl_l": -0.50, "ax_l": 10, "pd": 62.5}', N'Hoàn thành', TIMESTAMP '2024-12-15 15:00:00', TIMESTAMP '2024-12-16 14:00:00', 'NS007', N'Tròng loạn + Gọng acetate');
INSERT INTO XU_LY_KINH (MAXL, MADON, THONG_SO_KINH, TRANG_THAI, NGAY_BAT_DAU, NGAY_HOAN_THANH, MANS_KY_THUAT, GHI_CHU)
VALUES ('XL_S03', 'KD_S04', '{"sph_r": 1.00, "cyl_r": -0.50, "ax_r": 90, "add_r": 2.00, "sph_l": 1.25, "add_l": 2.00, "pd": 64.5}', N'Hoàn thành', TIMESTAMP '2025-04-16 15:00:00', TIMESTAMP '2025-04-18 10:00:00', 'NS006', N'Varilux đa tròng — cần căn chỉnh kỹ');
INSERT INTO XU_LY_KINH (MAXL, MADON, THONG_SO_KINH, TRANG_THAI, NGAY_BAT_DAU, MANS_KY_THUAT, GHI_CHU)
VALUES ('XL_S04', 'KD_S06', '{"sph_r": -3.00, "cyl_r": -0.50, "ax_r": 170, "sph_l": -3.00, "cyl_l": -0.50, "ax_l": 5, "pd": 62.5}', N'Đang cắt', TIMESTAMP '2025-05-12 15:00:00', 'NS007', N'Transitions + TR90. Đang mài');

-- ============================================================
-- 15. HÓA ĐƠN & CHI TIẾT (12 hóa đơn, trải đều 7 tháng)
-- ============================================================
-- HD01: T11/2024 — KH001 mua kính mới + DV khám
INSERT INTO HOA_DON (MAHD, MAKH, MANS, MAHOSO, MADON, NGAYLAP, TONGTIEN, TRANGTHAI, IS_DELETED)
VALUES ('HD_S01', 'KH001', 'NS010', 'HS_T11_01', 'KD_S01', TIMESTAMP '2024-11-05 10:00:00', 0, N'Đã thanh toán', 0);
INSERT INTO CT_HOA_DON    (MAHD, MALO, MASP, SOLUONG, DONGIA) VALUES ('HD_S01', 'LO_S01', 'SP001', 1, 350000);
INSERT INTO CT_HOA_DON    (MAHD, MALO, MASP, SOLUONG, DONGIA) VALUES ('HD_S01', 'LO_S02', 'SP006', 1, 850000);
INSERT INTO CT_HOA_DON_DV (MAHD, MADV, SOLUONG, DONGIA) VALUES ('HD_S01', 'DV01', 1, 150000);
INSERT INTO CT_HOA_DON_DV (MAHD, MADV, SOLUONG, DONGIA) VALUES ('HD_S01', 'DV06', 1, 200000);

-- HD02: T12/2024 — KH002 khám + thuốc nhỏ mắt
INSERT INTO HOA_DON (MAHD, MAKH, MANS, MAHOSO, MADON, NGAYLAP, TONGTIEN, TRANGTHAI, IS_DELETED)
VALUES ('HD_S02', 'KH002', 'NS010', 'HS_T12_01', 'KD_S02', TIMESTAMP '2024-12-03 09:30:00', 0, N'Đã thanh toán', 0);
INSERT INTO CT_HOA_DON_DV (MAHD, MADV, SOLUONG, DONGIA) VALUES ('HD_S02', 'DV01', 1, 150000);
INSERT INTO CT_HOA_DON_DV (MAHD, MADV, SOLUONG, DONGIA) VALUES ('HD_S02', 'DV02', 1, 80000);
INSERT INTO CT_HOA_DON    (MAHD, MALO, MASP, SOLUONG, DONGIA) VALUES ('HD_S02', 'LO_S12', 'SP009', 2, 185000);

-- HD03: T12/2024 — KH003 mua kính loạn
INSERT INTO HOA_DON (MAHD, MAKH, MANS, MAHOSO, MADON, NGAYLAP, TONGTIEN, TRANGTHAI, IS_DELETED)
VALUES ('HD_S03', 'KH003', 'NS010', 'HS_T12_03', 'KD_S03', TIMESTAMP '2024-12-15 15:00:00', 0, N'Đã thanh toán', 0);
INSERT INTO CT_HOA_DON_DV (MAHD, MADV, SOLUONG, DONGIA) VALUES ('HD_S03', 'DV01', 1, 150000);
INSERT INTO CT_HOA_DON_DV (MAHD, MADV, SOLUONG, DONGIA) VALUES ('HD_S03', 'DV06', 1, 200000);
INSERT INTO CT_HOA_DON    (MAHD, MALO, MASP, SOLUONG, DONGIA) VALUES ('HD_S03', 'LO_S01', 'SP001', 1, 350000);
INSERT INTO CT_HOA_DON    (MAHD, MALO, MASP, SOLUONG, DONGIA) VALUES ('HD_S03', 'LO_S03', 'SP004', 1, 450000);

-- HD04: T01/2025 — KH004 tái khám
INSERT INTO HOA_DON (MAHD, MAKH, MANS, MAHOSO, NGAYLAP, TONGTIEN, TRANGTHAI, IS_DELETED)
VALUES ('HD_S04', 'KH004', 'NS010', 'HS_T01_03', TIMESTAMP '2025-01-22 14:30:00', 0, N'Đã thanh toán', 0);
INSERT INTO CT_HOA_DON_DV (MAHD, MADV, SOLUONG, DONGIA) VALUES ('HD_S04', 'DV01', 1, 150000);
INSERT INTO CT_HOA_DON_DV (MAHD, MADV, SOLUONG, DONGIA) VALUES ('HD_S04', 'DV03', 1, 250000);

-- HD05: T02/2025 — KH007 đổi gọng + KAT
INSERT INTO HOA_DON (MAHD, MAKH, MANS, MAHOSO, NGAYLAP, TONGTIEN, TRANGTHAI, IS_DELETED)
VALUES ('HD_S05', 'KH007', 'NS010', 'HS_T02_02', TIMESTAMP '2025-02-18 11:00:00', 0, N'Đã thanh toán', 0);
INSERT INTO CT_HOA_DON    (MAHD, MALO, MASP, SOLUONG, DONGIA) VALUES ('HD_S05', 'LO_S03', 'SP004', 1, 450000);
INSERT INTO CT_HOA_DON    (MAHD, MALO, MASP, SOLUONG, DONGIA) VALUES ('HD_S05', 'LO_S09', 'SP007', 2, 650000);
INSERT INTO CT_HOA_DON    (MAHD, MALO, MASP, SOLUONG, DONGIA) VALUES ('HD_S05', 'LO_S11', 'SP013', 1, 120000);

-- HD06: T03/2025 — KH008 OCT + mua kính thể thao
INSERT INTO HOA_DON (MAHD, MAKH, MANS, MAHOSO, NGAYLAP, TONGTIEN, TRANGTHAI, IS_DELETED)
VALUES ('HD_S06', 'KH008', 'NS010', 'HS_T03_04', TIMESTAMP '2025-03-20 09:30:00', 0, N'Đã thanh toán', 0);
INSERT INTO CT_HOA_DON_DV (MAHD, MADV, SOLUONG, DONGIA) VALUES ('HD_S06', 'DV01', 1, 150000);
INSERT INTO CT_HOA_DON_DV (MAHD, MADV, SOLUONG, DONGIA) VALUES ('HD_S06', 'DV05', 1, 450000);
INSERT INTO CT_HOA_DON    (MAHD, MALO, MASP, SOLUONG, DONGIA) VALUES ('HD_S06', 'LO_S04', 'SP005', 1, 380000);

-- HD07: T03/2025 — KH003 tái khám loạn
INSERT INTO HOA_DON (MAHD, MAKH, MANS, MAHOSO, NGAYLAP, TONGTIEN, TRANGTHAI, IS_DELETED)
VALUES ('HD_S07', 'KH003', 'NS013', 'HS_T03_01', TIMESTAMP '2025-03-05 10:00:00', 0, N'Đã thanh toán', 0);
INSERT INTO CT_HOA_DON_DV (MAHD, MADV, SOLUONG, DONGIA) VALUES ('HD_S07', 'DV01', 1, 150000);
INSERT INTO CT_HOA_DON_DV (MAHD, MADV, SOLUONG, DONGIA) VALUES ('HD_S07', 'DV02', 1, 80000);

-- HD08: T04/2025 — KH004 mua kính đa tròng VIP
INSERT INTO HOA_DON (MAHD, MAKH, MANS, MAHOSO, MADON, NGAYLAP, TONGTIEN, TRANGTHAI, IS_DELETED)
VALUES ('HD_S08', 'KH004', 'NS010', 'HS_T04_03', 'KD_S04', TIMESTAMP '2025-04-16 15:00:00', 0, N'Đã thanh toán', 0);
INSERT INTO CT_HOA_DON_DV (MAHD, MADV, SOLUONG, DONGIA) VALUES ('HD_S08', 'DV01', 1, 150000);
INSERT INTO CT_HOA_DON_DV (MAHD, MADV, SOLUONG, DONGIA) VALUES ('HD_S08', 'DV06', 1, 200000);
INSERT INTO CT_HOA_DON    (MAHD, MALO, MASP, SOLUONG, DONGIA) VALUES ('HD_S08', 'LO_S06', 'SP003', 1, 2500000);
INSERT INTO CT_HOA_DON    (MAHD, MALO, MASP, SOLUONG, DONGIA) VALUES ('HD_S08', 'LO_S02', 'SP006', 1, 850000);

-- HD09: T04/2025 — KH010 thuốc nhãn áp
INSERT INTO HOA_DON (MAHD, MAKH, MANS, MAHOSO, MADON, NGAYLAP, TONGTIEN, TRANGTHAI, IS_DELETED)
VALUES ('HD_S09', 'KH010', 'NS010', 'HS_T04_04', 'KD_S05', TIMESTAMP '2025-04-22 10:00:00', 0, N'Đã thanh toán', 0);
INSERT INTO CT_HOA_DON_DV (MAHD, MADV, SOLUONG, DONGIA) VALUES ('HD_S09', 'DV01', 1, 150000);
INSERT INTO CT_HOA_DON_DV (MAHD, MADV, SOLUONG, DONGIA) VALUES ('HD_S09', 'DV04', 1, 120000);
INSERT INTO CT_HOA_DON    (MAHD, MALO, MASP, SOLUONG, DONGIA) VALUES ('HD_S09', 'LO_S14', 'SP011', 1, 280000);
INSERT INTO CT_HOA_DON    (MAHD, MALO, MASP, SOLUONG, DONGIA) VALUES ('HD_S09', 'LO_S12', 'SP009', 1, 185000);

-- HD10: T05/2025 — KH011 kính mới lần đầu
INSERT INTO HOA_DON (MAHD, MAKH, MANS, MAHOSO, NGAYLAP, TONGTIEN, TRANGTHAI, IS_DELETED)
VALUES ('HD_S10', 'KH011', 'NS013', 'HS_T05_01', TIMESTAMP '2025-05-05 10:00:00', 0, N'Đã thanh toán', 0);
INSERT INTO CT_HOA_DON_DV (MAHD, MADV, SOLUONG, DONGIA) VALUES ('HD_S10', 'DV01', 1, 150000);
INSERT INTO CT_HOA_DON_DV (MAHD, MADV, SOLUONG, DONGIA) VALUES ('HD_S10', 'DV02', 1, 80000);
INSERT INTO CT_HOA_DON    (MAHD, MALO, MASP, SOLUONG, DONGIA) VALUES ('HD_S10', 'LO_S01', 'SP001', 1, 350000);
INSERT INTO CT_HOA_DON    (MAHD, MALO, MASP, SOLUONG, DONGIA) VALUES ('HD_S10', 'LO_S08', 'SP015', 1, 280000);

-- HD11: T05/2025 — KH013 kính Transitions + thuốc
INSERT INTO HOA_DON (MAHD, MAKH, MANS, MAHOSO, MADON, NGAYLAP, TONGTIEN, TRANGTHAI, IS_DELETED)
VALUES ('HD_S11', 'KH013', 'NS010', 'HS_T05_03', 'KD_S06', TIMESTAMP '2025-05-12 15:00:00', 0, N'Đã thanh toán', 0);
INSERT INTO CT_HOA_DON_DV (MAHD, MADV, SOLUONG, DONGIA) VALUES ('HD_S11', 'DV01', 1, 150000);
INSERT INTO CT_HOA_DON_DV (MAHD, MADV, SOLUONG, DONGIA) VALUES ('HD_S11', 'DV06', 1, 200000);
INSERT INTO CT_HOA_DON    (MAHD, MALO, MASP, SOLUONG, DONGIA) VALUES ('HD_S11', 'LO_S05', 'SP002', 1, 750000);
INSERT INTO CT_HOA_DON    (MAHD, MALO, MASP, SOLUONG, DONGIA) VALUES ('HD_S11', 'LO_S04', 'SP005', 1, 380000);

-- HD12: T05/2025 — KH008 thuốc tiếp tục (hôm nay/gần đây)
INSERT INTO HOA_DON (MAHD, MAKH, MANS, MAHOSO, MADON, NGAYLAP, TONGTIEN, TRANGTHAI, IS_DELETED)
VALUES ('HD_S12', 'KH008', 'NS013', 'HS_T05_05', 'KD_S07', TIMESTAMP '2025-05-19 11:30:00', 0, N'Đã thanh toán', 0);
INSERT INTO CT_HOA_DON_DV (MAHD, MADV, SOLUONG, DONGIA) VALUES ('HD_S12', 'DV01', 1, 150000);
INSERT INTO CT_HOA_DON    (MAHD, MALO, MASP, SOLUONG, DONGIA) VALUES ('HD_S12', 'LO_S14', 'SP011', 1, 280000);
INSERT INTO CT_HOA_DON    (MAHD, MALO, MASP, SOLUONG, DONGIA) VALUES ('HD_S12', 'LO_S12', 'SP009', 2, 185000);

-- ============================================================
-- 16. THANH TOÁN (phủ đủ các phương thức, trạng thái N'Hoàn thành')
-- ============================================================
INSERT INTO THANH_TOAN (MATT, MAHD, MANS, NGAYTHANHTOAN, SOTIEN, PHUONGTHUC, TRANGTHAI) VALUES ('TT_S01', 'HD_S01', 'NS010', TIMESTAMP '2024-11-05 10:05:00', 1550000,  N'Tiền mặt',       N'Hoàn thành');
INSERT INTO THANH_TOAN (MATT, MAHD, MANS, NGAYTHANHTOAN, SOTIEN, PHUONGTHUC, TRANGTHAI) VALUES ('TT_S02', 'HD_S02', 'NS010', TIMESTAMP '2024-12-03 09:40:00', 600000,   N'Chuyển khoản',   N'Hoàn thành');
INSERT INTO THANH_TOAN (MATT, MAHD, MANS, NGAYTHANHTOAN, SOTIEN, PHUONGTHUC, TRANGTHAI) VALUES ('TT_S03', 'HD_S03', 'NS010', TIMESTAMP '2024-12-15 15:15:00', 1150000,  N'Thẻ tín dụng',   N'Hoàn thành');
INSERT INTO THANH_TOAN (MATT, MAHD, MANS, NGAYTHANHTOAN, SOTIEN, PHUONGTHUC, TRANGTHAI) VALUES ('TT_S04', 'HD_S04', 'NS010', TIMESTAMP '2025-01-22 14:35:00', 400000,   N'Chuyển khoản',   N'Hoàn thành');
INSERT INTO THANH_TOAN (MATT, MAHD, MANS, NGAYTHANHTOAN, SOTIEN, PHUONGTHUC, TRANGTHAI) VALUES ('TT_S05', 'HD_S05', 'NS010', TIMESTAMP '2025-02-18 11:10:00', 1870000,  N'Tiền mặt',       N'Hoàn thành');
INSERT INTO THANH_TOAN (MATT, MAHD, MANS, NGAYTHANHTOAN, SOTIEN, PHUONGTHUC, TRANGTHAI) VALUES ('TT_S06', 'HD_S06', 'NS010', TIMESTAMP '2025-03-20 09:40:00', 980000,   N'Tiền mặt',       N'Hoàn thành');
INSERT INTO THANH_TOAN (MATT, MAHD, MANS, NGAYTHANHTOAN, SOTIEN, PHUONGTHUC, TRANGTHAI) VALUES ('TT_S07', 'HD_S07', 'NS013', TIMESTAMP '2025-03-05 10:10:00', 230000,   N'Chuyển khoản',   N'Hoàn thành');
INSERT INTO THANH_TOAN (MATT, MAHD, MANS, NGAYTHANHTOAN, SOTIEN, PHUONGTHUC, TRANGTHAI) VALUES ('TT_S08', 'HD_S08', 'NS010', TIMESTAMP '2025-04-16 15:20:00', 3700000,  N'Thẻ tín dụng',   N'Hoàn thành');
INSERT INTO THANH_TOAN (MATT, MAHD, MANS, NGAYTHANHTOAN, SOTIEN, PHUONGTHUC, TRANGTHAI) VALUES ('TT_S09', 'HD_S09', 'NS010', TIMESTAMP '2025-04-22 10:10:00', 735000,   N'Chuyển khoản',   N'Hoàn thành');
INSERT INTO THANH_TOAN (MATT, MAHD, MANS, NGAYTHANHTOAN, SOTIEN, PHUONGTHUC, TRANGTHAI) VALUES ('TT_S10', 'HD_S10', 'NS013', TIMESTAMP '2025-05-05 10:15:00', 860000,   N'Tiền mặt',       N'Hoàn thành');
INSERT INTO THANH_TOAN (MATT, MAHD, MANS, NGAYTHANHTOAN, SOTIEN, PHUONGTHUC, TRANGTHAI) VALUES ('TT_S11', 'HD_S11', 'NS010', TIMESTAMP '2025-05-12 15:15:00', 1480000,  N'Chuyển khoản',   N'Hoàn thành');
INSERT INTO THANH_TOAN (MATT, MAHD, MANS, NGAYTHANHTOAN, SOTIEN, PHUONGTHUC, TRANGTHAI) VALUES ('TT_S12', 'HD_S12', 'NS013', TIMESTAMP '2025-05-19 11:35:00', 800000,   N'Tiền mặt',       N'Hoàn thành');

-- ============================================================
-- 17. ĐÁNH GIÁ (5 đánh giá từ nhiều khách hàng)
-- ============================================================
INSERT INTO DANH_GIA (MADG, MAHOSO, MAKH, MANS, SO_SAO, NOI_DUNG, NGAY_DG, IS_HIDDEN) VALUES ('DG_S01', 'HS_T11_01', 'KH001', 'NS005', 5, N'Bác sĩ Hương rất tận tâm, khám kỹ lưỡng. Rất hài lòng!',              TIMESTAMP '2024-11-06 08:00:00', 0);
INSERT INTO DANH_GIA (MADG, MAHOSO, MAKH, MANS, SO_SAO, NOI_DUNG, NGAY_DG, IS_HIDDEN) VALUES ('DG_S02', 'HS_T12_01', 'KH002', 'NS005', 4, N'Khám nhanh, kê đơn rõ ràng. Chờ hơi lâu.',                             TIMESTAMP '2024-12-04 09:00:00', 0);
INSERT INTO DANH_GIA (MADG, MAHOSO, MAKH, MANS, SO_SAO, NOI_DUNG, NGAY_DG, IS_HIDDEN) VALUES ('DG_S03', 'HS_T04_03', 'KH004', 'NS012', 5, N'BS Khoa tư vấn kính đa tròng rất chuyên nghiệp. Recommend!',           TIMESTAMP '2025-04-17 10:00:00', 0);
INSERT INTO DANH_GIA (MADG, MAHOSO, MAKH, MANS, SO_SAO, NOI_DUNG, NGAY_DG, IS_HIDDEN) VALUES ('DG_S04', 'HS_T05_01', 'KH011', 'NS005', 4, N'Lần đầu khám ở đây, nhân viên thân thiện, cơ sở sạch sẽ.',             TIMESTAMP '2025-05-06 10:00:00', 0);
INSERT INTO DANH_GIA (MADG, MAHOSO, MAKH, MANS, SO_SAO, NOI_DUNG, NGAY_DG, IS_HIDDEN) VALUES ('DG_S05', 'HS_T05_03', 'KH013', 'NS005', 3, N'Khám OK nhưng phải chờ khá lâu vì đông. Kính đẹp.',                    TIMESTAMP '2025-05-13 11:00:00', 0);

-- ============================================================
-- 18. LỊCH SỬ ĐIỂM TÍCH LŨY
-- ============================================================
INSERT INTO LICH_SU_DIEM (MALSD, MAKH, LOAI, SO_DIEM, LY_DO, MAHD, THOI_GIAN) VALUES ('LS_S01', 'KH001', N'Cong', 15, N'Thanh toán HD_S01', 'HD_S01', TIMESTAMP '2024-11-05 10:10:00');
INSERT INTO LICH_SU_DIEM (MALSD, MAKH, LOAI, SO_DIEM, LY_DO, MAHD, THOI_GIAN) VALUES ('LS_S02', 'KH002', N'Cong', 6,  N'Thanh toán HD_S02', 'HD_S02', TIMESTAMP '2024-12-03 09:45:00');
INSERT INTO LICH_SU_DIEM (MALSD, MAKH, LOAI, SO_DIEM, LY_DO, MAHD, THOI_GIAN) VALUES ('LS_S03', 'KH003', N'Cong', 11, N'Thanh toán HD_S03', 'HD_S03', TIMESTAMP '2024-12-15 15:20:00');
INSERT INTO LICH_SU_DIEM (MALSD, MAKH, LOAI, SO_DIEM, LY_DO, MAHD, THOI_GIAN) VALUES ('LS_S04', 'KH004', N'Cong', 37, N'Thanh toán HD_S08', 'HD_S08', TIMESTAMP '2025-04-16 15:25:00');
INSERT INTO LICH_SU_DIEM (MALSD, MAKH, LOAI, SO_DIEM, LY_DO, MAHD, THOI_GIAN) VALUES ('LS_S05', 'KH007', N'Cong', 18, N'Thanh toán HD_S05', 'HD_S05', TIMESTAMP '2025-02-18 11:15:00');
INSERT INTO LICH_SU_DIEM (MALSD, MAKH, LOAI, SO_DIEM, LY_DO, MAHD, THOI_GIAN) VALUES ('LS_S06', 'KH008', N'Cong', 9,  N'Thanh toán HD_S06', 'HD_S06', TIMESTAMP '2025-03-20 09:45:00');
INSERT INTO LICH_SU_DIEM (MALSD, MAKH, LOAI, SO_DIEM, LY_DO, MAHD, THOI_GIAN) VALUES ('LS_S07', 'KH010', N'Cong', 7,  N'Thanh toán HD_S09', 'HD_S09', TIMESTAMP '2025-04-22 10:15:00');
INSERT INTO LICH_SU_DIEM (MALSD, MAKH, LOAI, SO_DIEM, LY_DO, MAHD, THOI_GIAN) VALUES ('LS_S08', 'KH013', N'Cong', 14, N'Thanh toán HD_S11', 'HD_S11', TIMESTAMP '2025-05-12 15:20:00');

-- ============================================================
-- 19. GIAO DỊCH NHÀ CUNG CẤP
-- ============================================================
INSERT INTO GIAO_DICH_NCC (MAGD, MANCC, LOAI, SO_TIEN, NGAY_GD, MAPN, GHI_CHU) VALUES ('GD_S01', 'NCC01', N'Thanh toán', 65400000, TIMESTAMP '2024-10-20 09:00:00', 'PN_S01', N'TT phiếu nhập tháng 10');
INSERT INTO GIAO_DICH_NCC (MAGD, MANCC, LOAI, SO_TIEN, NGAY_GD, MAPN, GHI_CHU) VALUES ('GD_S02', 'NCC01', N'Thanh toán', 55300000, TIMESTAMP '2025-01-15 10:00:00', 'PN_S02', N'TT phiếu nhập tháng 01');
INSERT INTO GIAO_DICH_NCC (MAGD, MANCC, LOAI, SO_TIEN, NGAY_GD, MAPN, GHI_CHU) VALUES ('GD_S03', 'NCC02', N'Thanh toán', 54000000, TIMESTAMP '2025-03-10 09:30:00', 'PN_S03', N'TT đợt nhập Essilor');
INSERT INTO GIAO_DICH_NCC (MAGD, MANCC, LOAI, SO_TIEN, NGAY_GD, MAPN, GHI_CHU) VALUES ('GD_S04', 'NCC03', N'Thanh toán', 52850000, TIMESTAMP '2025-04-25 14:00:00', 'PN_S04', N'TT thuốc Pharma Eye');

-- ============================================================
-- 20. KH KHUYẾN MÃI (khách dùng mã khuyến mãi)
-- ============================================================
INSERT INTO KH_KHUYEN_MAI (MAKH, MAKM, MAHD, NGAY_SD) VALUES ('KH002', 'KM02', 'HD_S02', TIMESTAMP '2024-12-03 09:35:00');
INSERT INTO KH_KHUYEN_MAI (MAKH, MAKM, MAHD, NGAY_SD) VALUES ('KH004', 'KM03', 'HD_S08', TIMESTAMP '2025-04-16 15:10:00');
INSERT INTO KH_KHUYEN_MAI (MAKH, MAKM, MAHD, NGAY_SD) VALUES ('KH011', 'KM02', 'HD_S10', TIMESTAMP '2025-05-05 10:05:00');

-- ============================================================
-- 21. TÍNH LẠI TỔNG TIỀN HÓA ĐƠN & PHIẾU NHẬP
-- ============================================================
UPDATE HOA_DON hd
SET hd.TONGTIEN = (
    NVL((SELECT SUM(SOLUONG * DONGIA) FROM CT_HOA_DON WHERE MAHD = hd.MAHD), 0) +
    NVL((SELECT SUM(SOLUONG * DONGIA) FROM CT_HOA_DON_DV WHERE MAHD = hd.MAHD), 0)
);

UPDATE PHIEU_NHAP pn
SET pn.TONGTIEN = (
    SELECT NVL(SUM(SOLUONGNHAP * GIANHAP), 0) FROM LO_HANG WHERE MAPN = pn.MAPN
);

-- Đồng bộ tồn kho sau khi bán
MERGE INTO LO_HANG lh
USING (
    SELECT MALO, SUM(SOLUONG) AS SOLD_QTY
    FROM CT_HOA_DON
    GROUP BY MALO
) sold ON (lh.MALO = sold.MALO)
WHEN MATCHED THEN UPDATE SET lh.SOLUONGTON = lh.SOLUONGNHAP - sold.SOLD_QTY;

-- Đồng bộ NULL
UPDATE LO_HANG SET SOLUONGTON = SOLUONGNHAP WHERE SOLUONGTON IS NULL;

COMMIT;

-- ============================================================
-- 22. KIỂM TRA KẾT QUẢ SEED
-- ============================================================
SELECT 'TỔNG NHÂN SỰ: '       || COUNT(*) FROM NHAN_SU     WHERE IS_DELETED = 0
UNION ALL SELECT 'TỔNG KHÁCH HÀNG: '   || COUNT(*) FROM KHACH_HANG  WHERE IS_DELETED = 0
UNION ALL SELECT 'TỔNG SẢN PHẨM: '     || COUNT(*) FROM SAN_PHAM
UNION ALL SELECT 'TỔNG LÔ HÀNG: '      || COUNT(*) FROM LO_HANG
UNION ALL SELECT 'TỔNG HỒ SƠ THỊ LỰC: ' || COUNT(*) FROM HO_SO_THI_LUC
UNION ALL SELECT 'TỔNG PHIẾU KÊ ĐƠN: '  || COUNT(*) FROM PHIEU_KE_DON
UNION ALL SELECT 'TỔNG HÓA ĐƠN: '      || COUNT(*) FROM HOA_DON
UNION ALL SELECT 'TỔNG DOANH THU: '     || TO_CHAR(NVL(SUM(SOTIEN),0), '999,999,999,999') FROM THANH_TOAN WHERE TRANGTHAI = N'Hoàn thành'
UNION ALL SELECT 'TỔNG ĐÁNH GIÁ: '     || COUNT(*) FROM DANH_GIA
UNION ALL SELECT 'TỔNG KHUYẾN MÃI: '   || COUNT(*) FROM KHUYEN_MAI
UNION ALL SELECT 'TỔNG LỊCH HẸN: '     || COUNT(*) FROM LICH_HEN
UNION ALL SELECT 'TỔNG XỬ LÝ KÍNH: '   || COUNT(*) FROM XU_LY_KINH;