-- ============================================================
-- SCRIPT 2: SEED DATA (ULTIMATE VERSION - CHỐNG MỌI LỖI)
-- ============================================================

-- ============================================================
-- BƯỚC 0: TẮT TẠM THỜI TOÀN BỘ TRIGGER ĐỂ XÓA DỮ LIỆU
-- Mục đích: Tránh bị Trigger chặn khi cố gắng xóa Hóa Đơn đã thanh toán, Khách hàng...
-- ============================================================
BEGIN
    FOR trg IN (SELECT trigger_name FROM user_triggers) LOOP
        EXECUTE IMMEDIATE 'ALTER TRIGGER ' || trg.trigger_name || ' DISABLE';
    END LOOP;
END;
/

-- ============================================================
-- 1. XÓA DỮ LIỆU CŨ (An toàn tuyệt đối vì Trigger đã ngủ)
-- ============================================================
DELETE FROM AUDIT_HOSO_THILUC;
DELETE FROM LICH_SU_DIEM;
DELETE FROM LICH_SU_GIA;
DELETE FROM DANH_GIA;
DELETE FROM KH_KHUYEN_MAI;
DELETE FROM THANH_TOAN;
DELETE FROM CT_HOA_DON_DV;
DELETE FROM CT_HOA_DON;
DELETE FROM HOA_DON;
DELETE FROM XU_LY_KINH;
DELETE FROM CT_KE_DON;
DELETE FROM PHIEU_KE_DON;
DELETE FROM LICH_HEN_TRIEU_CHUNG;
DELETE FROM CHI_TIET_THI_LUC;
DELETE FROM HO_SO_THI_LUC;
DELETE FROM HANG_CHO;
DELETE FROM LICH_HEN;
DELETE FROM LICH_LAM_VIEC;
DELETE FROM CHI_TIET_KY_THUAT;
DELETE FROM LO_HANG;
DELETE FROM PHIEU_NHAP;
DELETE FROM CT_GOI_KHAM;
DELETE FROM GOI_KHAM;
DELETE FROM DICH_VU_KHAM;
DELETE FROM TRIEU_CHUNG;
DELETE FROM SAN_PHAM;
DELETE FROM LOAI_SAN_PHAM;
DELETE FROM NHA_CUNG_CAP;
DELETE FROM KHUYEN_MAI;
DELETE FROM GIAO_DICH_NCC;
DELETE FROM NHOM_VAITRO;
DELETE FROM VAITRO;
DELETE FROM NHAN_SU;
DELETE FROM KHACH_HANG;
DELETE FROM TAIKHOAN_NHOM;
DELETE FROM TAI_KHOAN;
DELETE FROM NHOM;
DELETE FROM CHUC_VU;
DELETE FROM token_blacklist;
COMMIT;

-- ============================================================
-- BƯỚC 1.5: BẬT LẠI VÀ COMPILE TOÀN BỘ TRIGGER 
-- Đánh thức Trigger dậy để chuẩn bị bảo vệ Data sắp được bơm vào
-- ============================================================
BEGIN
    FOR trg IN (SELECT trigger_name FROM user_triggers) LOOP
        EXECUTE IMMEDIATE 'ALTER TRIGGER ' || trg.trigger_name || ' ENABLE';
        EXECUTE IMMEDIATE 'ALTER TRIGGER ' || trg.trigger_name || ' COMPILE';
    END LOOP;
END;
/

-- ============================================================
-- 2. ĐỔ DỮ LIỆU (SEED DATA)
-- ============================================================

-- 2. CHỨC VỤ
MERGE INTO CHUC_VU target USING (
    SELECT 'CV06' MACV, N'Bác sĩ' TENCV FROM DUAL UNION ALL
    SELECT 'CV07', N'Kỹ thuật viên mắt kính' FROM DUAL UNION ALL
    SELECT 'CV08', N'Thu ngân' FROM DUAL UNION ALL
    SELECT 'CV09', N'Thủ kho' FROM DUAL UNION ALL
    SELECT 'CV10', N'Quản lý' FROM DUAL UNION ALL
    SELECT 'CV11', N'Lễ tân' FROM DUAL
) source ON (target.MACV = source.MACV)
WHEN NOT MATCHED THEN INSERT (MACV, TENCV) VALUES (source.MACV, source.TENCV);

-- 3. NHÓM
INSERT INTO NHOM (MANHOM, TENNHOM) VALUES ('BAC_SI', N'Nhóm Bác sĩ');
INSERT INTO NHOM (MANHOM, TENNHOM) VALUES ('THU_NGAN', N'Nhóm Thu ngân');
INSERT INTO NHOM (MANHOM, TENNHOM) VALUES ('THU_KHO', N'Nhóm Thủ kho');
INSERT INTO NHOM (MANHOM, TENNHOM) VALUES ('ADMIN', N'Nhóm Quản lý');
INSERT INTO NHOM (MANHOM, TENNHOM) VALUES ('KY_THUAT', N'Nhóm Kỹ thuật viên');
INSERT INTO NHOM (MANHOM, TENNHOM) VALUES ('LE_TAN', N'Nhóm Lễ tân');
INSERT INTO NHOM (MANHOM, TENNHOM) VALUES ('CUSTOMER', N'Nhóm Khách hàng');

-- 4. TÀI KHOẢN & PHÂN NHÓM
INSERT INTO TAI_KHOAN (MATK, USERNAME, PASSWORD, LOAI_TK, TRANGTHAI) VALUES ('TK005', 'thukho1',  '$2a$10$8.UnVuG9HHgffUDAlk8qfOuVGkqRzgVymGe07xd00DM99I1YvI8Y6', 'INTERNAL', 1);
INSERT INTO TAI_KHOAN (MATK, USERNAME, PASSWORD, LOAI_TK, TRANGTHAI) VALUES ('TK006', 'kythuat1', '$2a$10$8.UnVuG9HHgffUDAlk8qfOuVGkqRzgVymGe07xd00DM99I1YvI8Y6', 'INTERNAL', 1);
INSERT INTO TAI_KHOAN (MATK, USERNAME, PASSWORD, LOAI_TK, TRANGTHAI) VALUES ('TK008', 'bacsi2',   '$2a$10$8.UnVuG9HHgffUDAlk8qfOuVGkqRzgVymGe07xd00DM99I1YvI8Y6', 'INTERNAL', 1);
INSERT INTO TAI_KHOAN (MATK, USERNAME, PASSWORD, LOAI_TK, TRANGTHAI) VALUES ('TK009', 'kythuat2', '$2a$10$8.UnVuG9HHgffUDAlk8qfOuVGkqRzgVymGe07xd00DM99I1YvI8Y6', 'INTERNAL', 1);
INSERT INTO TAI_KHOAN (MATK, USERNAME, PASSWORD, LOAI_TK, TRANGTHAI) VALUES ('TK010', 'thukho2',  '$2a$10$8.UnVuG9HHgffUDAlk8qfOuVGkqRzgVymGe07xd00DM99I1YvI8Y6', 'INTERNAL', 1);
INSERT INTO TAI_KHOAN (MATK, USERNAME, PASSWORD, LOAI_TK, TRANGTHAI) VALUES ('TK011', 'kh002',    '$2a$10$8.UnVuG9HHgffUDAlk8qfOuVGkqRzgVymGe07xd00DM99I1YvI8Y6', 'EXTERNAL', 1);
INSERT INTO TAI_KHOAN (MATK, USERNAME, PASSWORD, LOAI_TK, TRANGTHAI) VALUES ('TK012', 'kh003',    '$2a$10$8.UnVuG9HHgffUDAlk8qfOuVGkqRzgVymGe07xd00DM99I1YvI8Y6', 'EXTERNAL', 1);
INSERT INTO TAI_KHOAN (MATK, USERNAME, PASSWORD, LOAI_TK, TRANGTHAI) VALUES ('TK013', 'kh004',    '$2a$10$8.UnVuG9HHgffUDAlk8qfOuVGkqRzgVymGe07xd00DM99I1YvI8Y6', 'EXTERNAL', 1);
INSERT INTO TAI_KHOAN (MATK, USERNAME, PASSWORD, LOAI_TK, TRANGTHAI) VALUES ('TK014', 'thungan2', '$2a$10$8.UnVuG9HHgffUDAlk8qfOuVGkqRzgVymGe07xd00DM99I1YvI8Y6', 'INTERNAL', 1);
INSERT INTO TAI_KHOAN (MATK, USERNAME, PASSWORD, LOAI_TK, TRANGTHAI) VALUES ('TK015', 'letan1',   '$2a$10$8.UnVuG9HHgffUDAlk8qfOuVGkqRzgVymGe07xd00DM99I1YvI8Y6', 'INTERNAL', 1);

INSERT INTO TAIKHOAN_NHOM (MATK, MANHOM) VALUES ('TK005', 'THU_KHO');
INSERT INTO TAIKHOAN_NHOM (MATK, MANHOM) VALUES ('TK006', 'KY_THUAT');
INSERT INTO TAIKHOAN_NHOM (MATK, MANHOM) VALUES ('TK008', 'BAC_SI');
INSERT INTO TAIKHOAN_NHOM (MATK, MANHOM) VALUES ('TK009', 'KY_THUAT');
INSERT INTO TAIKHOAN_NHOM (MATK, MANHOM) VALUES ('TK010', 'THU_KHO');
INSERT INTO TAIKHOAN_NHOM (MATK, MANHOM) VALUES ('TK011', 'CUSTOMER');
INSERT INTO TAIKHOAN_NHOM (MATK, MANHOM) VALUES ('TK012', 'CUSTOMER');
INSERT INTO TAIKHOAN_NHOM (MATK, MANHOM) VALUES ('TK013', 'CUSTOMER');
INSERT INTO TAIKHOAN_NHOM (MATK, MANHOM) VALUES ('TK014', 'THU_NGAN');
INSERT INTO TAIKHOAN_NHOM (MATK, MANHOM) VALUES ('TK015', 'LE_TAN');

-- 5. NHÂN SỰ (đảm bảo tuổi >= 18)
INSERT INTO NHAN_SU (MANS, MATK, MACV, HOTEN, NGAYSINH, SDT, GIOITINH, IS_DELETED) VALUES ('NS011', 'TK015', 'CV11', N'Phạm Thị Lệ', DATE '1998-05-15', '0987654321', N'Nữ', 0);
INSERT INTO NHAN_SU (MANS, MATK, MACV, HOTEN, NGAYSINH, SDT, GIOITINH, CHUYENKHOA, IS_DELETED) VALUES ('NS005', 'TK008', 'CV06', N'Nguyễn Thị Hương', DATE '1988-03-15', '0912345678', N'Nữ', N'Nhãn khoa nhi', 0);
INSERT INTO NHAN_SU (MANS, MATK, MACV, HOTEN, NGAYSINH, SDT, GIOITINH, IS_DELETED) VALUES ('NS006', 'TK006', 'CV07', N'Đỗ Minh Quân', DATE '1995-07-20', '0923456789', N'Nam', 0);
INSERT INTO NHAN_SU (MANS, MATK, MACV, HOTEN, NGAYSINH, SDT, GIOITINH, IS_DELETED) VALUES ('NS007', 'TK009', 'CV07', N'Lê Thị Bảo Châu', DATE '1997-11-05', '0934567890', N'Nữ', 0);
INSERT INTO NHAN_SU (MANS, MATK, MACV, HOTEN, NGAYSINH, SDT, GIOITINH, IS_DELETED) VALUES ('NS008', 'TK005', 'CV09', N'Vũ Đức Mạnh', DATE '1990-04-10', '0945678901', N'Nam', 0);
INSERT INTO NHAN_SU (MANS, MATK, MACV, HOTEN, NGAYSINH, SDT, GIOITINH, IS_DELETED) VALUES ('NS009', 'TK010', 'CV09', N'Hoàng Thị Lan', DATE '1993-08-22', '0956789012', N'Nữ', 0);
INSERT INTO NHAN_SU (MANS, MATK, MACV, HOTEN, NGAYSINH, SDT, GIOITINH, IS_DELETED) VALUES ('NS010', 'TK014', 'CV08', N'Trần Quốc Bảo', DATE '1992-12-30', '0967890123', N'Nam', 0);

-- 6. KHÁCH HÀNG
INSERT INTO KHACH_HANG (MAKH, HOTEN, NGAYSINH, SDT, GIOITINH, DIACHI, DIEMTICHLUY) VALUES ('KH001', N'Khách Hàng Số Một', DATE '1990-01-01', '0901001001', N'Nam', N'TP.HCM', 100);
INSERT INTO KHACH_HANG (MAKH, MATK, HOTEN, NGAYSINH, SDT, GIOITINH, DIACHI, DIEMTICHLUY) VALUES ('KH002', 'TK011', N'Nguyễn Văn An', DATE '1990-05-12', '0911111111', N'Nam', N'123 Nguyễn Trãi, Q.1, TP.HCM', 50);
INSERT INTO KHACH_HANG (MAKH, MATK, HOTEN, NGAYSINH, SDT, GIOITINH, DIACHI, DIEMTICHLUY) VALUES ('KH003', 'TK012', N'Trần Thị Bích', DATE '1995-09-20', '0922222222', N'Nữ', N'45 Lê Lợi, Q.3, TP.HCM', 0);
INSERT INTO KHACH_HANG (MAKH, MATK, HOTEN, NGAYSINH, SDT, GIOITINH, DIACHI, DIEMTICHLUY) VALUES ('KH004', 'TK013', N'Phạm Hoàng Long', DATE '1985-02-28', '0933333333', N'Nam', N'78 Hai Bà Trưng, Q.Bình Thạnh, TP.HCM', 200);
INSERT INTO KHACH_HANG (MAKH, HOTEN, NGAYSINH, SDT, GIOITINH, DIACHI, DIEMTICHLUY) VALUES ('KH005', N'Lê Ngọc Hân', DATE '2000-07-04', '0944444444', N'Nữ', N'99 CMT8, Q.10, TP.HCM', 0);
INSERT INTO KHACH_HANG (MAKH, HOTEN, NGAYSINH, SDT, GIOITINH, DIEMTICHLUY) VALUES ('KH006', N'Võ Thành Tâm', DATE '1978-11-15', '0955555555', N'Nam', 0);

-- 7. LỊCH LÀM VIỆC cho BS Hương (ca chiều 13h-20h từ hôm nay-3 đến +6)
INSERT INTO LICH_LAM_VIEC (MALLV, MANS, NGAY_LAM, GIO_BAT_DAU, GIO_KET_THUC, IS_NGHI) 
SELECT 'LV_S' || LPAD(LEVEL, 3, '0'), 'NS005', TRUNC(SYSDATE) + LEVEL - 4, 13.0, 20.0, 0 
FROM DUAL CONNECT BY LEVEL <= 10;

-- 8. DỊCH VỤ & GÓI KHÁM
INSERT INTO DICH_VU_KHAM (MADV, TENDV, GIA, MOTA, IS_ACTIVE) VALUES ('DV01', N'Khám mắt tổng quát', 150000, N'Kiểm tra thị lực cơ bản', 1);
INSERT INTO DICH_VU_KHAM (MADV, TENDV, GIA, MOTA, IS_ACTIVE) VALUES ('DV02', N'Đo khúc xạ máy tự động', 80000, N'Đo cận loạn', 1);
INSERT INTO DICH_VU_KHAM (MADV, TENDV, GIA, MOTA, IS_ACTIVE) VALUES ('DV06', N'Mài lắp kính mắt', 200000, N'Lắp gọng', 1);

INSERT INTO GOI_KHAM (MAGOI, TENGOI, MOTA, GIA, THOILUONG, IS_ACTIVE) VALUES ('GK01', N'Gói Khám Cơ Bản', N'Khám tổng quát', 200000, 30, 1);
INSERT INTO CT_GOI_KHAM (MAGOI, MADV, SOLUONG) VALUES ('GK01', 'DV01', 1);
INSERT INTO CT_GOI_KHAM (MAGOI, MADV, SOLUONG) VALUES ('GK01', 'DV02', 1);

-- 9. TRIỆU CHỨNG
INSERT INTO TRIEU_CHUNG (MA_TC, TEN_TC, MO_TA, IS_ACTIVE) VALUES ('TC01', N'Mờ mắt', N'Nhìn không rõ', 1);
INSERT INTO TRIEU_CHUNG (MA_TC, TEN_TC, MO_TA, IS_ACTIVE) VALUES ('TC02', N'Nhức mắt', N'Đau nhức', 1);

-- 10. NHÀ CUNG CẤP & SẢN PHẨM
INSERT INTO NHA_CUNG_CAP (MANCC, TENNCC, SDT, DIACHI) VALUES ('NCC01', N'Công ty TNHH Quang Học Việt', '02838123456', N'120 Trần Hưng Đạo, TP.HCM');

INSERT INTO LOAI_SAN_PHAM (MALOAI, TENLOAI) VALUES ('LSP01', N'Tròng kính đơn tụ');
INSERT INTO LOAI_SAN_PHAM (MALOAI, TENLOAI) VALUES ('LSP04', N'Gọng kính');

INSERT INTO SAN_PHAM (MASP, MALOAI, TENSP, DONVITINH, LATHUOC, GIABAN, TON_KHO_TOI_THIEU, DON_VI_TINH_KHO) VALUES ('SP001', 'LSP01', N'Tròng CR-39 đơn tụ chống UV', N'Cặp', 0, 350000, 20, N'Cặp');
INSERT INTO SAN_PHAM (MASP, MALOAI, TENSP, DONVITINH, LATHUOC, GIABAN, TON_KHO_TOI_THIEU, DON_VI_TINH_KHO) VALUES ('SP006', 'LSP04', N'Gọng kim loại titanium', N'Cái', 0, 850000, 20, N'Cái');

-- 11. PHIẾU NHẬP & LÔ HÀNG
INSERT INTO PHIEU_NHAP (MAPN, MANCC, MANS, NGAYNHAP) VALUES ('PN_S01', 'NCC01', 'NS008', SYSTIMESTAMP - 30);

-- Lô hàng: trigger TRG_LO_HANG sẽ gán SOLUONGTON = SOLUONGNHAP và cập nhật tổng tiền phiếu nhập
INSERT INTO LO_HANG (MALO, MASP, MAPN, NGAYSANXUAT, NGAYHETHAN, SOLUONGNHAP, GIANHAP) VALUES ('LO_S01', 'SP001', 'PN_S01', DATE '2024-06-01', DATE '2027-06-01', 100, 220000);
INSERT INTO LO_HANG (MALO, MASP, MAPN, NGAYSANXUAT, NGAYHETHAN, SOLUONGNHAP, GIANHAP) VALUES ('LO_S02', 'SP006', 'PN_S01', DATE '2024-01-10', DATE '2028-01-10', 50, 560000);

-- 12. LỊCH HẸN (dùng sequence)
DECLARE
    v_malh1 VARCHAR2(20);
    v_malh2 VARCHAR2(20);
BEGIN
    v_malh1 := 'LH' || LPAD(SEQ_LICH_HEN.NEXTVAL, 6, '0');
    v_malh2 := 'LH' || LPAD(SEQ_LICH_HEN.NEXTVAL, 6, '0');

    INSERT INTO LICH_HEN (MALH, MAKH, MANS, MAGOI, NGAYHEN, GIO_HEN, LOAI_LICH, TRANGTHAI) 
    VALUES (v_malh1, 'KH001', 'NS005', 'GK01', TRUNC(SYSDATE) - 2, TRUNC(SYSDATE) - 2 + INTERVAL '14' HOUR, 'ONLINE', N'Đã khám');

    INSERT INTO LICH_HEN (MALH, MAKH, MANS, MAGOI, NGAYHEN, GIO_HEN, LOAI_LICH, TRANGTHAI) 
    VALUES (v_malh2, 'KH002', 'NS005', 'GK01', TRUNC(SYSDATE) - 1, TRUNC(SYSDATE) - 1 + INTERVAL '15' HOUR, 'ONLINE', N'Đã khám');

    INSERT INTO LICH_HEN_TRIEU_CHUNG (MALH, MA_TC, MO_TA_TU_DO) VALUES (v_malh1, 'TC01', N'Nhìn mờ khi đọc sách');
END;
/

-- 13. HỒ SƠ THỊ LỰC
INSERT INTO HO_SO_THI_LUC (MAHOSO, MAKH, MANS, NGAYKHAM, KETLUAN) 
VALUES ('HS_S01', 'KH001', 'NS005', SYSTIMESTAMP - INTERVAL '2' DAY, N'Cận thị hai mắt. Đeo kính.');

INSERT INTO CHI_TIET_THI_LUC (MAHOSO, MAT, DOCAU_SPH, DOTRU_CYL, TRUC_AX, KHOANGCACH_PD) 
VALUES ('HS_S01', 'R', -2.50, -0.25, 180, 31.5);
INSERT INTO CHI_TIET_THI_LUC (MAHOSO, MAT, DOCAU_SPH, DOTRU_CYL, TRUC_AX, KHOANGCACH_PD) 
VALUES ('HS_S01', 'L', -3.00, 0.00, 0, 32.0);

-- 14. PHIẾU KÊ ĐƠN
INSERT INTO PHIEU_KE_DON (MADON, MAHOSO, MANS, NGAYKEDON, LOIDAN) VALUES ('KD_S01', 'HS_S01', 'NS005', TRUNC(SYSDATE) - 2, N'Đeo thường xuyên');
INSERT INTO CT_KE_DON (MADON, MASP, SOLUONG, LIEUDUNG, CACHDUNG) VALUES ('KD_S01', 'SP001', 1, N'1 cặp', N'Lắp vào gọng');
INSERT INTO CT_KE_DON (MADON, MASP, SOLUONG, LIEUDUNG, CACHDUNG) VALUES ('KD_S01', 'SP006', 1, N'1 gọng', N'Chọn vừa mặt');

-- 15. XỬ LÝ KÍNH
INSERT INTO XU_LY_KINH (MAXL, MADON, THONG_SO_KINH, TRANG_THAI, NGAY_BAT_DAU, NGAY_HOAN_THANH, MANS_KY_THUAT, GHI_CHU)
VALUES ('XL_S01', 'KD_S01', '{"sph_r": -2.50, "cyl_r": -0.25, "ax_r": 180, "sph_l": -3.00, "pd": 63.5}', N'Hoàn thành', SYSTIMESTAMP - 2, SYSTIMESTAMP - 1, 'NS006', N'Đã mài xong');

-- 16. HÓA ĐƠN
INSERT INTO HOA_DON (MAHD, MAKH, MANS, MAHOSO, MADON, NGAYLAP, TRANGTHAI) 
VALUES ('HD_S01', 'KH001', 'NS010', 'HS_S01', 'KD_S01', SYSTIMESTAMP - 2, N'Chưa thanh toán');

INSERT INTO HOA_DON (MAHD, MAKH, MANS, MAHOSO, NGAYLAP, TRANGTHAI) 
VALUES ('HD_S02', 'KH002', 'NS010', NULL, SYSTIMESTAMP - 1, N'Chưa thanh toán');

-- 17. CHI TIẾT HÓA ĐƠN
INSERT INTO CT_HOA_DON_DV (MAHD, MADV, SOLUONG, DONGIA) VALUES ('HD_S01', 'DV01', 1, 150000);
INSERT INTO CT_HOA_DON_DV (MAHD, MADV, SOLUONG, DONGIA) VALUES ('HD_S01', 'DV06', 1, 200000);
INSERT INTO CT_HOA_DON (MAHD, MALO, MASP, SOLUONG, DONGIA) VALUES ('HD_S01', 'LO_S01', 'SP001', 1, 350000);
INSERT INTO CT_HOA_DON (MAHD, MALO, MASP, SOLUONG, DONGIA) VALUES ('HD_S01', 'LO_S02', 'SP006', 1, 850000);
INSERT INTO CT_HOA_DON_DV (MAHD, MADV, SOLUONG, DONGIA) VALUES ('HD_S02', 'DV01', 1, 150000);

-- 18. THANH TOÁN
INSERT INTO THANH_TOAN (MATT, MAHD, MANS, SOTIEN, PHUONGTHUC, TRANGTHAI) 
VALUES ('TT_S01', 'HD_S01', 'NS010', 1550000, N'Tiền mặt', N'Hoàn thành');

INSERT INTO THANH_TOAN (MATT, MAHD, MANS, SOTIEN, PHUONGTHUC, TRANGTHAI) 
VALUES ('TT_S02', 'HD_S02', 'NS010', 150000, N'Chuyển khoản', N'Hoàn thành');

-- 19. ĐÁNH GIÁ
INSERT INTO DANH_GIA (MADG, MAHOSO, MAKH, MANS, SO_SAO, NOI_DUNG) VALUES ('DG_S01', 'HS_S01', 'KH001', 'NS005', 5, N'Bác sĩ tận tâm!');

COMMIT;